T2M,WS10M,date
24.38,1.39,2013-01-01
24.54,1.32,2013-01-02
25.11,1.36,2013-01-03
25.85,1.23,2013-01-04
24.75,1.43,2013-01-05
26.09,1.07,2013-01-06
25.94,1.17,2013-01-07
26.37,1.0,2013-01-08
25.07,1.11,2013-01-09
24.65,1.4,2013-01-10
24.96,1.2,2013-01-11
24.76,1.32,2013-01-12
25.02,1.27,2013-01-13
26.01,0.99,2013-01-14
26.51,1.48,2013-01-15
26.52,1.42,2013-01-16
26.48,1.62,2013-01-17
26.59,1.65,2013-01-18
26.41,1.77,2013-01-19
27.0,1.54,2013-01-20
27.25,1.61,2013-01-21
27.05,1.66,2013-01-22
26.73,2.12,2013-01-23
26.43,1.72,2013-01-24
26.66,1.95,2013-01-25
26.79,2.06,2013-01-26
26.52,1.37,2013-01-27
26.32,1.05,2013-01-28
26.41,1.16,2013-01-29
26.53,1.3,2013-01-30
25.19,1.69,2013-01-31
23.12,1.88,2013-02-01
23.72,1.44,2013-02-02
24.62,1.38,2013-02-03
25.86,1.19,2013-02-04
26.23,1.38,2013-02-05
27.12,1.55,2013-02-06
27.04,1.4,2013-02-07
26.75,2.04,2013-02-08
25.81,1.55,2013-02-09
26.29,1.88,2013-02-10
26.28,1.72,2013-02-11
26.77,2.12,2013-02-12
26.76,1.95,2013-02-13
26.94,1.91,2013-02-14
26.61,1.77,2013-02-15
27.17,1.72,2013-02-16
26.36,2.09,2013-02-17
26.71,1.6,2013-02-18
26.51,1.85,2013-02-19
26.28,1.95,2013-02-20
27.01,1.21,2013-02-21
26.77,1.37,2013-02-22
27.54,1.89,2013-02-23
27.2,2.18,2013-02-24
27.05,2.09,2013-02-25
26.68,1.77,2013-02-26
26.8,1.68,2013-02-27
27.27,1.77,2013-02-28
27.18,1.73,2013-03-01
26.9,1.81,2013-03-02
27.61,1.96,2013-03-03
27.15,2.12,2013-03-04
27.25,1.96,2013-03-05
27.69,2.07,2013-03-06
27.66,1.99,2013-03-07
27.73,2.1,2013-03-08
27.35,2.44,2013-03-09
27.42,1.95,2013-03-10
27.18,1.95,2013-03-11
27.15,1.99,2013-03-12
27.24,1.77,2013-03-13
27.25,1.74,2013-03-14
27.3,2.12,2013-03-15
27.19,1.92,2013-03-16
26.4,2.07,2013-03-17
27.19,1.57,2013-03-18
27.33,1.91,2013-03-19
27.1,1.68,2013-03-20
27.12,2.03,2013-03-21
27.28,2.02,2013-03-22
26.72,2.09,2013-03-23
26.75,1.76,2013-03-24
26.94,1.56,2013-03-25
26.89,1.81,2013-03-26
26.8,1.84,2013-03-27
26.19,1.54,2013-03-28
26.73,1.75,2013-03-29
26.54,1.74,2013-03-30
27.08,1.43,2013-03-31
27.05,1.56,2013-04-01
26.71,1.63,2013-04-02
26.6,1.62,2013-04-03
27.04,1.8,2013-04-04
27.39,1.8,2013-04-05
27.24,1.94,2013-04-06
27.11,1.98,2013-04-07
26.72,1.95,2013-04-08
26.51,1.8,2013-04-09
26.69,1.41,2013-04-10
27.12,1.52,2013-04-11
27.34,1.74,2013-04-12
27.51,1.73,2013-04-13
27.44,1.7,2013-04-14
26.76,1.61,2013-04-15
26.79,1.91,2013-04-16
26.92,1.76,2013-04-17
26.87,2.06,2013-04-18
26.54,1.74,2013-04-19
26.87,1.38,2013-04-20
27.42,1.44,2013-04-21
26.75,1.2,2013-04-22
26.8,1.69,2013-04-23
27.19,1.33,2013-04-24
27.33,1.31,2013-04-25
26.58,1.53,2013-04-26
26.86,1.7,2013-04-27
26.98,1.12,2013-04-28
26.91,1.42,2013-04-29
26.76,1.61,2013-04-30
26.06,1.72,2013-05-01
26.98,1.18,2013-05-02
27.01,1.69,2013-05-03
26.78,1.61,2013-05-04
26.8,1.47,2013-05-05
26.54,1.46,2013-05-06
26.34,1.76,2013-05-07
26.64,1.76,2013-05-08
26.98,1.31,2013-05-09
26.1,2.0,2013-05-10
25.38,1.25,2013-05-11
26.02,1.04,2013-05-12
25.83,1.41,2013-05-13
25.93,1.46,2013-05-14
25.77,1.24,2013-05-15
26.73,1.4,2013-05-16
26.9,1.66,2013-05-17
26.17,1.62,2013-05-18
26.19,1.27,2013-05-19
26.46,1.73,2013-05-20
26.51,1.48,2013-05-21
26.64,1.79,2013-05-22
26.51,1.74,2013-05-23
26.5,1.54,2013-05-24
26.74,1.65,2013-05-25
26.54,1.7,2013-05-26
25.48,1.87,2013-05-27
25.28,1.51,2013-05-28
25.9,1.43,2013-05-29
25.39,1.59,2013-05-30
26.24,1.45,2013-05-31
25.98,1.73,2013-06-01
25.5,2.1,2013-06-02
25.32,1.65,2013-06-03
25.23,2.02,2013-06-04
25.05,1.56,2013-06-05
24.88,1.65,2013-06-06
25.94,1.6,2013-06-07
26.42,1.95,2013-06-08
25.93,2.03,2013-06-09
25.89,1.45,2013-06-10
25.97,1.62,2013-06-11
25.57,1.97,2013-06-12
25.55,1.82,2013-06-13
25.57,1.84,2013-06-14
25.64,1.73,2013-06-15
25.58,1.82,2013-06-16
26.08,1.9,2013-06-17
25.92,2.16,2013-06-18
25.6,2.11,2013-06-19
25.71,2.27,2013-06-20
25.97,1.91,2013-06-21
25.98,2.09,2013-06-22
25.81,2.16,2013-06-23
25.3,2.08,2013-06-24
25.66,1.66,2013-06-25
25.95,1.85,2013-06-26
24.8,2.13,2013-06-27
25.07,1.97,2013-06-28
24.45,1.37,2013-06-29
24.93,1.79,2013-06-30
25.39,1.94,2013-07-01
25.2,2.07,2013-07-02
24.69,2.39,2013-07-03
24.11,2.0,2013-07-04
24.44,2.3,2013-07-05
24.64,1.95,2013-07-06
24.69,2.08,2013-07-07
24.15,1.92,2013-07-08
24.86,1.94,2013-07-09
24.86,2.07,2013-07-10
24.71,2.44,2013-07-11
24.58,1.77,2013-07-12
24.8,1.76,2013-07-13
23.88,1.8,2013-07-14
24.68,1.56,2013-07-15
24.85,1.73,2013-07-16
24.94,2.12,2013-07-17
24.7,2.08,2013-07-18
24.56,2.18,2013-07-19
24.48,2.05,2013-07-20
24.16,1.89,2013-07-21
24.65,1.93,2013-07-22
24.51,2.24,2013-07-23
24.37,2.48,2013-07-24
24.15,1.8,2013-07-25
24.4,1.95,2013-07-26
24.51,2.41,2013-07-27
24.04,2.34,2013-07-28
24.27,2.27,2013-07-29
24.76,1.83,2013-07-30
24.75,2.05,2013-07-31
24.53,2.29,2013-08-01
24.11,2.05,2013-08-02
24.44,1.87,2013-08-03
24.26,2.16,2013-08-04
24.22,2.29,2013-08-05
24.55,2.37,2013-08-06
23.62,2.52,2013-08-07
24.19,2.41,2013-08-08
24.0,2.0,2013-08-09
24.06,2.02,2013-08-10
24.1,2.02,2013-08-11
24.09,2.13,2013-08-12
23.93,1.92,2013-08-13
23.95,2.17,2013-08-14
23.94,2.62,2013-08-15
24.35,2.02,2013-08-16
24.15,2.12,2013-08-17
24.69,1.94,2013-08-18
24.95,1.97,2013-08-19
24.58,2.13,2013-08-20
24.51,2.27,2013-08-21
24.8,1.91,2013-08-22
24.83,1.98,2013-08-23
24.68,2.0,2013-08-24
24.15,1.95,2013-08-25
24.8,1.88,2013-08-26
24.58,1.43,2013-08-27
24.6,1.91,2013-08-28
24.43,1.99,2013-08-29
24.77,2.09,2013-08-30
24.58,2.21,2013-08-31
24.1,2.25,2013-09-01
24.29,1.93,2013-09-02
25.17,1.61,2013-09-03
24.73,1.73,2013-09-04
24.29,2.19,2013-09-05
24.78,1.99,2013-09-06
24.97,1.75,2013-09-07
24.52,1.77,2013-09-08
24.81,2.04,2013-09-09
24.38,1.99,2013-09-10
24.8,2.24,2013-09-11
24.79,2.13,2013-09-12
24.91,1.98,2013-09-13
24.68,1.79,2013-09-14
24.61,1.55,2013-09-15
25.48,1.8,2013-09-16
25.71,1.89,2013-09-17
25.8,1.64,2013-09-18
25.8,1.78,2013-09-19
25.4,1.93,2013-09-20
25.3,1.81,2013-09-21
25.18,2.55,2013-09-22
24.68,2.74,2013-09-23
24.95,2.01,2013-09-24
25.41,1.8,2013-09-25
25.65,1.77,2013-09-26
24.9,1.95,2013-09-27
25.02,1.73,2013-09-28
25.5,1.72,2013-09-29
25.89,1.66,2013-09-30
25.49,1.81,2013-10-01
25.13,1.8,2013-10-02
24.87,1.95,2013-10-03
24.66,1.41,2013-10-04
25.51,1.8,2013-10-05
25.71,1.59,2013-10-06
25.82,1.16,2013-10-07
25.38,1.6,2013-10-08
25.31,1.49,2013-10-09
24.97,1.85,2013-10-10
25.69,1.13,2013-10-11
26.01,1.54,2013-10-12
25.73,1.72,2013-10-13
25.68,1.49,2013-10-14
25.63,1.55,2013-10-15
26.14,1.26,2013-10-16
25.99,1.42,2013-10-17
26.23,1.59,2013-10-18
26.22,1.69,2013-10-19
25.98,1.78,2013-10-20
25.78,1.59,2013-10-21
25.53,1.5,2013-10-22
26.06,1.42,2013-10-23
26.01,1.6,2013-10-24
25.76,1.62,2013-10-25
26.05,1.6,2013-10-26
26.09,1.76,2013-10-27
25.99,1.7,2013-10-28
25.31,1.47,2013-10-29
25.96,1.49,2013-10-30
26.3,1.51,2013-10-31
26.32,1.41,2013-11-01
26.45,1.49,2013-11-02
25.9,1.23,2013-11-03
26.37,1.2,2013-11-04
25.85,1.47,2013-11-05
26.02,1.41,2013-11-06
26.43,1.28,2013-11-07
26.13,1.26,2013-11-08
25.87,1.53,2013-11-09
26.53,1.42,2013-11-10
26.64,1.75,2013-11-11
26.13,1.59,2013-11-12
26.0,1.79,2013-11-13
25.58,1.8,2013-11-14
26.14,1.57,2013-11-15
26.4,1.42,2013-11-16
26.56,1.5,2013-11-17
26.54,1.55,2013-11-18
26.44,1.76,2013-11-19
25.98,1.62,2013-11-20
26.1,1.5,2013-11-21
26.58,1.78,2013-11-22
25.99,1.98,2013-11-23
25.75,1.82,2013-11-24
25.58,1.86,2013-11-25
26.44,1.4,2013-11-26
26.46,1.49,2013-11-27
27.07,1.1,2013-11-28
27.18,1.3,2013-11-29
27.14,1.81,2013-11-30
26.68,1.7,2013-12-01
26.79,1.54,2013-12-02
25.79,1.46,2013-12-03
25.46,1.96,2013-12-04
25.92,1.92,2013-12-05
26.3,1.93,2013-12-06
26.08,1.59,2013-12-07
25.85,1.54,2013-12-08
25.98,1.66,2013-12-09
25.91,1.89,2013-12-10
25.64,1.97,2013-12-11
25.82,1.98,2013-12-12
25.9,1.38,2013-12-13
24.65,1.81,2013-12-14
23.74,1.87,2013-12-15
22.65,1.9,2013-12-16
22.84,1.84,2013-12-17
22.69,1.61,2013-12-18
23.12,1.62,2013-12-19
24.04,1.11,2013-12-20
25.33,0.79,2013-12-21
25.73,1.21,2013-12-22
26.28,1.15,2013-12-23
26.8,1.42,2013-12-24
26.67,1.53,2013-12-25
26.62,1.3,2013-12-26
26.91,1.41,2013-12-27
26.9,1.55,2013-12-28
27.06,1.52,2013-12-29
26.64,1.67,2013-12-30
26.44,1.85,2013-12-31
26.23,1.44,2014-01-01
26.91,1.27,2014-01-02
26.6,1.21,2014-01-03
26.08,1.12,2014-01-04
25.51,1.07,2014-01-05
26.27,1.23,2014-01-06
26.4,1.05,2014-01-07
26.05,1.23,2014-01-08
26.42,1.07,2014-01-09
25.94,1.05,2014-01-10
25.45,1.25,2014-01-11
25.64,1.16,2014-01-12
26.08,1.17,2014-01-13
26.37,1.55,2014-01-14
26.38,1.44,2014-01-15
26.55,1.63,2014-01-16
26.36,1.41,2014-01-17
26.83,1.7,2014-01-18
26.58,1.59,2014-01-19
26.4,1.61,2014-01-20
26.5,1.76,2014-01-21
26.63,1.84,2014-01-22
26.3,1.84,2014-01-23
25.78,1.84,2014-01-24
26.3,1.52,2014-01-25
26.21,1.84,2014-01-26
26.7,1.79,2014-01-27
26.87,1.91,2014-01-28
26.99,2.05,2014-01-29
26.37,1.88,2014-01-30
26.33,1.98,2014-01-31
25.95,1.47,2014-02-01
25.44,1.22,2014-02-02
26.21,1.38,2014-02-03
27.03,1.2,2014-02-04
26.85,1.41,2014-02-05
26.66,1.21,2014-02-06
26.68,1.86,2014-02-07
27.09,1.59,2014-02-08
26.59,1.46,2014-02-09
26.65,1.52,2014-02-10
26.6,1.68,2014-02-11
26.55,1.23,2014-02-12
26.55,1.34,2014-02-13
26.87,1.52,2014-02-14
26.02,0.85,2014-02-15
26.01,1.08,2014-02-16
26.72,1.36,2014-02-17
26.79,1.76,2014-02-18
26.76,1.84,2014-02-19
26.51,1.84,2014-02-20
27.17,1.74,2014-02-21
27.45,1.95,2014-02-22
27.37,1.84,2014-02-23
26.84,2.28,2014-02-24
26.99,1.99,2014-02-25
26.53,1.71,2014-02-26
26.73,2.01,2014-02-27
26.47,2.08,2014-02-28
26.01,1.7,2014-03-01
26.44,1.34,2014-03-02
26.62,1.41,2014-03-03
26.91,1.66,2014-03-04
26.83,1.78,2014-03-05
26.12,1.39,2014-03-06
26.7,1.71,2014-03-07
26.8,2.16,2014-03-08
27.15,2.3,2014-03-09
27.22,2.56,2014-03-10
27.11,1.91,2014-03-11
27.29,1.6,2014-03-12
27.23,1.66,2014-03-13
26.94,1.72,2014-03-14
27.31,1.71,2014-03-15
27.06,1.94,2014-03-16
27.08,1.86,2014-03-17
26.84,2.1,2014-03-18
27.19,1.8,2014-03-19
27.4,1.98,2014-03-20
27.3,2.02,2014-03-21
27.17,2.05,2014-03-22
27.01,2.32,2014-03-23
26.62,1.7,2014-03-24
26.55,1.95,2014-03-25
26.94,2.31,2014-03-26
26.46,2.35,2014-03-27
26.35,1.48,2014-03-28
26.61,1.91,2014-03-29
26.71,1.87,2014-03-30
27.06,1.56,2014-03-31
27.01,1.73,2014-04-01
27.33,1.95,2014-04-02
27.16,1.92,2014-04-03
27.32,1.55,2014-04-04
27.03,1.83,2014-04-05
26.97,1.77,2014-04-06
26.95,1.78,2014-04-07
26.79,1.84,2014-04-08
26.76,1.74,2014-04-09
26.65,1.87,2014-04-10
26.73,1.77,2014-04-11
27.13,1.78,2014-04-12
26.55,1.88,2014-04-13
26.46,1.72,2014-04-14
26.87,1.34,2014-04-15
27.18,1.84,2014-04-16
27.13,1.7,2014-04-17
26.73,1.69,2014-04-18
26.94,1.5,2014-04-19
26.97,1.48,2014-04-20
26.74,1.62,2014-04-21
26.75,1.73,2014-04-22
26.83,1.81,2014-04-23
26.5,1.54,2014-04-24
26.69,1.59,2014-04-25
26.5,1.63,2014-04-26
26.9,1.38,2014-04-27
27.05,1.52,2014-04-28
26.61,1.2,2014-04-29
26.52,1.55,2014-04-30
26.98,1.27,2014-05-01
27.02,1.3,2014-05-02
27.41,1.37,2014-05-03
27.58,1.02,2014-05-04
26.61,1.62,2014-05-05
26.18,1.59,2014-05-06
26.3,1.45,2014-05-07
25.71,1.34,2014-05-08
26.54,1.43,2014-05-09
26.54,1.34,2014-05-10
26.88,1.29,2014-05-11
27.05,1.52,2014-05-12
26.67,1.47,2014-05-13
26.2,1.53,2014-05-14
25.65,1.05,2014-05-15
26.9,1.5,2014-05-16
26.83,1.48,2014-05-17
26.76,1.42,2014-05-18
26.72,1.23,2014-05-19
26.47,1.39,2014-05-20
26.84,1.66,2014-05-21
26.66,1.72,2014-05-22
26.8,1.49,2014-05-23
26.86,1.62,2014-05-24
27.29,1.5,2014-05-25
26.73,1.69,2014-05-26
26.51,1.8,2014-05-27
25.92,1.99,2014-05-28
25.43,1.56,2014-05-29
26.33,1.14,2014-05-30
26.73,1.84,2014-05-31
26.23,1.66,2014-06-01
25.98,1.05,2014-06-02
26.62,1.59,2014-06-03
26.22,1.46,2014-06-04
25.83,1.79,2014-06-05
25.79,1.38,2014-06-06
26.37,1.6,2014-06-07
25.79,1.45,2014-06-08
26.0,1.72,2014-06-09
25.7,1.95,2014-06-10
25.15,1.42,2014-06-11
25.57,1.53,2014-06-12
25.74,1.53,2014-06-13
25.93,2.06,2014-06-14
26.25,1.77,2014-06-15
26.38,1.67,2014-06-16
26.27,1.62,2014-06-17
25.42,1.47,2014-06-18
26.02,1.65,2014-06-19
26.5,1.92,2014-06-20
26.12,1.88,2014-06-21
26.01,1.92,2014-06-22
25.64,1.64,2014-06-23
25.65,1.76,2014-06-24
25.87,1.91,2014-06-25
25.94,1.62,2014-06-26
26.19,1.81,2014-06-27
25.58,1.68,2014-06-28
25.76,1.52,2014-06-29
25.76,1.45,2014-06-30
25.62,1.59,2014-07-01
25.59,1.72,2014-07-02
25.56,1.76,2014-07-03
25.17,1.84,2014-07-04
25.3,1.87,2014-07-05
25.38,1.98,2014-07-06
25.14,2.2,2014-07-07
25.48,1.84,2014-07-08
25.37,1.58,2014-07-09
25.68,1.81,2014-07-10
25.73,2.03,2014-07-11
25.72,2.03,2014-07-12
25.63,1.95,2014-07-13
25.99,2.05,2014-07-14
25.69,2.18,2014-07-15
25.2,2.53,2014-07-16
24.91,2.86,2014-07-17
23.99,1.79,2014-07-18
25.06,2.17,2014-07-19
25.14,2.2,2014-07-20
24.9,2.1,2014-07-21
24.78,2.26,2014-07-22
24.49,2.12,2014-07-23
24.66,2.23,2014-07-24
24.83,2.13,2014-07-25
25.17,1.96,2014-07-26
24.98,2.32,2014-07-27
24.86,2.28,2014-07-28
25.04,1.91,2014-07-29
24.83,1.93,2014-07-30
25.17,2.28,2014-07-31
24.43,2.29,2014-08-01
24.88,2.38,2014-08-02
24.81,2.05,2014-08-03
24.58,1.8,2014-08-04
24.37,2.44,2014-08-05
24.33,2.3,2014-08-06
24.28,2.09,2014-08-07
24.4,2.08,2014-08-08
24.44,2.05,2014-08-09
24.7,2.05,2014-08-10
24.67,2.33,2014-08-11
24.37,2.3,2014-08-12
24.69,2.38,2014-08-13
24.44,1.94,2014-08-14
24.4,2.34,2014-08-15
24.26,2.28,2014-08-16
24.73,1.92,2014-08-17
24.53,2.12,2014-08-18
24.05,1.98,2014-08-19
24.56,1.83,2014-08-20
24.3,1.79,2014-08-21
24.1,2.32,2014-08-22
24.11,1.74,2014-08-23
25.15,1.58,2014-08-24
24.86,2.14,2014-08-25
24.17,2.19,2014-08-26
25.07,1.64,2014-08-27
24.66,1.69,2014-08-28
24.55,2.18,2014-08-29
24.69,2.16,2014-08-30
24.59,2.22,2014-08-31
24.51,2.42,2014-09-01
24.41,2.23,2014-09-02
24.52,1.63,2014-09-03
24.9,2.12,2014-09-04
24.57,2.34,2014-09-05
24.55,1.43,2014-09-06
25.06,1.66,2014-09-07
25.0,1.98,2014-09-08
24.59,1.73,2014-09-09
24.9,1.87,2014-09-10
25.02,2.13,2014-09-11
25.16,1.84,2014-09-12
25.09,1.87,2014-09-13
25.14,1.78,2014-09-14
25.3,1.83,2014-09-15
24.38,2.24,2014-09-16
24.4,1.54,2014-09-17
25.15,1.66,2014-09-18
25.28,1.95,2014-09-19
24.61,1.87,2014-09-20
24.62,1.55,2014-09-21
25.59,1.59,2014-09-22
25.06,1.78,2014-09-23
25.24,1.69,2014-09-24
25.06,1.49,2014-09-25
24.72,1.81,2014-09-26
24.77,1.52,2014-09-27
24.98,1.52,2014-09-28
25.43,1.57,2014-09-29
24.73,1.89,2014-09-30
25.19,1.41,2014-10-01
24.59,1.09,2014-10-02
24.71,1.63,2014-10-03
25.52,1.55,2014-10-04
25.85,1.46,2014-10-05
25.87,1.61,2014-10-06
25.85,1.55,2014-10-07
25.71,1.66,2014-10-08
26.12,1.85,2014-10-09
25.79,1.74,2014-10-10
25.33,1.7,2014-10-11
25.68,1.65,2014-10-12
25.41,1.5,2014-10-13
25.62,1.7,2014-10-14
25.87,1.59,2014-10-15
26.23,1.77,2014-10-16
25.83,1.7,2014-10-17
25.55,1.63,2014-10-18
25.05,1.34,2014-10-19
25.96,1.18,2014-10-20
26.26,1.59,2014-10-21
26.27,1.66,2014-10-22
25.51,1.6,2014-10-23
25.87,1.51,2014-10-24
25.84,1.27,2014-10-25
25.23,1.75,2014-10-26
25.59,1.37,2014-10-27
25.73,1.55,2014-10-28
26.01,1.33,2014-10-29
25.66,1.64,2014-10-30
25.42,1.83,2014-10-31
25.98,1.75,2014-11-01
25.93,1.64,2014-11-02
26.02,1.23,2014-11-03
25.64,1.54,2014-11-04
25.19,1.66,2014-11-05
25.79,1.04,2014-11-06
26.4,1.34,2014-11-07
26.62,1.6,2014-11-08
26.71,1.7,2014-11-09
26.26,1.73,2014-11-10
25.44,1.58,2014-11-11
26.01,1.7,2014-11-12
26.36,1.78,2014-11-13
26.67,1.75,2014-11-14
26.51,1.57,2014-11-15
26.8,1.66,2014-11-16
26.13,1.89,2014-11-17
25.83,1.7,2014-11-18
25.61,1.23,2014-11-19
26.31,1.39,2014-11-20
26.52,1.28,2014-11-21
26.97,1.21,2014-11-22
26.77,1.13,2014-11-23
26.44,1.67,2014-11-24
26.59,1.68,2014-11-25
26.47,1.61,2014-11-26
26.13,1.41,2014-11-27
26.07,1.21,2014-11-28
26.84,1.1,2014-11-29
26.73,1.45,2014-11-30
26.66,1.57,2014-12-01
26.81,1.65,2014-12-02
26.95,1.54,2014-12-03
26.73,1.5,2014-12-04
26.9,1.42,2014-12-05
26.98,1.57,2014-12-06
27.03,1.77,2014-12-07
26.91,1.63,2014-12-08
26.95,1.69,2014-12-09
26.87,1.68,2014-12-10
26.51,1.59,2014-12-11
26.9,1.24,2014-12-12
26.91,1.07,2014-12-13
26.54,1.08,2014-12-14
26.87,1.11,2014-12-15
26.57,1.41,2014-12-16
26.8,1.09,2014-12-17
26.86,1.1,2014-12-18
26.72,1.33,2014-12-19
26.49,1.42,2014-12-20
26.92,1.32,2014-12-21
26.73,1.15,2014-12-22
26.19,0.96,2014-12-23
24.84,1.2,2014-12-24
24.86,0.88,2014-12-25
24.63,0.91,2014-12-26
24.37,1.34,2014-12-27
25.92,0.86,2014-12-28
25.75,1.05,2014-12-29
26.19,1.83,2014-12-30
24.64,1.38,2014-12-31
25.17,1.57,2015-01-01
25.94,1.24,2015-01-02
24.48,1.41,2015-01-03
23.21,1.6,2015-01-04
22.44,1.41,2015-01-05
22.06,1.38,2015-01-06
22.5,1.57,2015-01-07
22.98,1.59,2015-01-08
21.69,1.81,2015-01-09
20.31,1.92,2015-01-10
20.63,1.85,2015-01-11
21.27,1.7,2015-01-12
21.05,1.58,2015-01-13
22.23,1.59,2015-01-14
22.81,1.6,2015-01-15
23.28,1.44,2015-01-16
23.96,1.28,2015-01-17
25.27,1.59,2015-01-18
25.48,1.84,2015-01-19
25.72,1.74,2015-01-20
26.21,1.63,2015-01-21
26.48,1.83,2015-01-22
26.58,1.77,2015-01-23
26.3,1.85,2015-01-24
26.26,1.95,2015-01-25
26.2,1.7,2015-01-26
26.25,1.96,2015-01-27
26.69,2.08,2015-01-28
26.74,1.95,2015-01-29
26.8,1.76,2015-01-30
26.54,1.73,2015-01-31
26.76,1.6,2015-02-01
27.33,1.81,2015-02-02
27.26,2.12,2015-02-03
27.51,1.87,2015-02-04
27.48,2.1,2015-02-05
27.05,1.91,2015-02-06
26.9,1.98,2015-02-07
27.4,2.36,2015-02-08
27.42,2.0,2015-02-09
26.82,1.7,2015-02-10
26.85,1.74,2015-02-11
26.51,1.97,2015-02-12
26.77,2.06,2015-02-13
26.66,2.06,2015-02-14
26.98,2.16,2015-02-15
26.71,2.0,2015-02-16
26.76,2.01,2015-02-17
26.19,2.35,2015-02-18
26.2,1.84,2015-02-19
26.9,2.09,2015-02-20
26.8,2.06,2015-02-21
26.55,2.19,2015-02-22
26.62,1.7,2015-02-23
27.01,1.7,2015-02-24
26.79,1.73,2015-02-25
26.48,1.91,2015-02-26
26.72,1.59,2015-02-27
26.69,1.42,2015-02-28
27.01,1.7,2015-03-01
27.08,1.64,2015-03-02
26.94,1.95,2015-03-03
27.34,1.34,2015-03-04
26.87,1.35,2015-03-05
27.48,1.46,2015-03-06
26.88,1.75,2015-03-07
26.99,1.81,2015-03-08
27.23,1.99,2015-03-09
27.01,1.66,2015-03-10
26.83,1.88,2015-03-11
27.66,1.49,2015-03-12
27.58,1.82,2015-03-13
27.92,1.82,2015-03-14
27.33,1.87,2015-03-15
26.88,1.8,2015-03-16
26.55,1.65,2015-03-17
26.93,1.41,2015-03-18
26.86,1.65,2015-03-19
26.59,1.75,2015-03-20
26.68,1.77,2015-03-21
26.48,1.64,2015-03-22
26.91,1.7,2015-03-23
26.8,1.57,2015-03-24
26.83,1.94,2015-03-25
26.42,1.71,2015-03-26
26.69,1.92,2015-03-27
26.9,2.03,2015-03-28
27.02,2.07,2015-03-29
26.98,1.78,2015-03-30
26.08,1.2,2015-03-31
25.64,1.25,2015-04-01
26.47,1.29,2015-04-02
26.58,1.68,2015-04-03
26.61,1.59,2015-04-04
26.55,1.79,2015-04-05
27.0,1.77,2015-04-06
26.76,1.59,2015-04-07
26.64,1.38,2015-04-08
26.68,1.84,2015-04-09
26.65,1.53,2015-04-10
26.78,1.56,2015-04-11
26.8,1.55,2015-04-12
27.38,1.15,2015-04-13
27.51,1.39,2015-04-14
27.41,1.72,2015-04-15
27.49,1.68,2015-04-16
27.51,1.48,2015-04-17
27.62,1.57,2015-04-18
27.23,1.51,2015-04-19
27.3,1.57,2015-04-20
27.43,1.55,2015-04-21
27.3,1.63,2015-04-22
27.09,1.84,2015-04-23
26.87,1.84,2015-04-24
27.0,1.84,2015-04-25
26.77,1.65,2015-04-26
27.05,1.5,2015-04-27
27.0,1.55,2015-04-28
27.06,1.84,2015-04-29
26.97,1.55,2015-04-30
27.05,1.74,2015-05-01
26.99,1.71,2015-05-02
27.07,1.79,2015-05-03
27.08,1.44,2015-05-04
26.44,1.45,2015-05-05
26.64,1.42,2015-05-06
27.29,1.95,2015-05-07
27.4,1.84,2015-05-08
27.07,1.58,2015-05-09
27.05,1.59,2015-05-10
26.95,1.46,2015-05-11
27.15,1.58,2015-05-12
27.26,1.31,2015-05-13
26.61,1.41,2015-05-14
27.01,1.27,2015-05-15
26.71,1.13,2015-05-16
26.69,1.64,2015-05-17
26.21,1.92,2015-05-18
26.75,1.5,2015-05-19
26.91,1.49,2015-05-20
26.96,1.52,2015-05-21
27.05,1.68,2015-05-22
26.19,1.75,2015-05-23
25.7,1.66,2015-05-24
26.98,1.59,2015-05-25
26.8,1.85,2015-05-26
26.48,2.08,2015-05-27
25.98,1.78,2015-05-28
25.88,1.59,2015-05-29
26.55,1.98,2015-05-30
26.05,1.82,2015-05-31
26.05,2.04,2015-06-01
25.73,2.05,2015-06-02
25.85,1.8,2015-06-03
25.76,1.8,2015-06-04
25.55,1.95,2015-06-05
25.42,1.85,2015-06-06
25.8,1.77,2015-06-07
25.22,1.5,2015-06-08
25.92,1.7,2015-06-09
25.9,1.71,2015-06-10
25.38,1.59,2015-06-11
25.75,1.71,2015-06-12
25.42,1.69,2015-06-13
25.78,1.82,2015-06-14
25.88,1.95,2015-06-15
26.04,2.27,2015-06-16
25.78,1.9,2015-06-17
25.65,2.11,2015-06-18
25.73,2.23,2015-06-19
25.28,2.05,2015-06-20
25.13,2.3,2015-06-21
25.29,1.96,2015-06-22
25.4,1.98,2015-06-23
25.61,2.32,2015-06-24
25.51,2.27,2015-06-25
25.59,1.92,2015-06-26
25.31,1.85,2015-06-27
25.56,2.34,2015-06-28
25.41,2.1,2015-06-29
25.51,2.15,2015-06-30
25.69,2.23,2015-07-01
25.3,2.19,2015-07-02
24.94,1.91,2015-07-03
25.25,1.67,2015-07-04
25.36,1.65,2015-07-05
25.58,1.43,2015-07-06
25.73,1.44,2015-07-07
25.76,1.55,2015-07-08
26.26,1.84,2015-07-09
25.46,2.37,2015-07-10
25.26,1.52,2015-07-11
25.37,1.71,2015-07-12
25.31,1.73,2015-07-13
25.4,1.89,2015-07-14
25.33,1.96,2015-07-15
25.16,1.96,2015-07-16
25.51,1.84,2015-07-17
25.37,2.24,2015-07-18
25.13,2.43,2015-07-19
25.27,2.74,2015-07-20
25.19,2.19,2015-07-21
25.23,1.92,2015-07-22
25.21,2.37,2015-07-23
25.18,2.27,2015-07-24
24.94,2.04,2015-07-25
25.19,2.28,2015-07-26
24.47,2.32,2015-07-27
24.22,2.3,2015-07-28
24.23,1.96,2015-07-29
24.78,2.2,2015-07-30
25.06,2.12,2015-07-31
24.85,2.24,2015-08-01
25.06,2.0,2015-08-02
24.9,2.01,2015-08-03
25.06,2.07,2015-08-04
25.08,1.92,2015-08-05
25.23,1.95,2015-08-06
24.91,2.02,2015-08-07
24.87,1.74,2015-08-08
25.16,1.98,2015-08-09
25.05,2.27,2015-08-10
25.03,2.01,2015-08-11
24.88,2.29,2015-08-12
25.0,1.96,2015-08-13
24.71,2.13,2015-08-14
24.99,1.99,2015-08-15
25.25,2.05,2015-08-16
24.88,2.08,2015-08-17
25.12,2.07,2015-08-18
24.99,2.01,2015-08-19
24.96,2.47,2015-08-20
24.73,2.09,2015-08-21
24.86,2.25,2015-08-22
24.36,2.26,2015-08-23
24.8,1.93,2015-08-24
24.98,2.14,2015-08-25
24.9,1.92,2015-08-26
24.7,2.12,2015-08-27
24.53,1.98,2015-08-28
24.68,1.98,2015-08-29
25.03,2.04,2015-08-30
24.76,2.23,2015-08-31
25.05,2.47,2015-09-01
24.97,2.3,2015-09-02
25.17,1.94,2015-09-03
25.12,1.69,2015-09-04
24.8,2.02,2015-09-05
24.53,2.07,2015-09-06
24.47,1.83,2015-09-07
24.9,1.84,2015-09-08
25.0,1.98,2015-09-09
25.19,1.81,2015-09-10
24.99,1.63,2015-09-11
25.45,1.8,2015-09-12
25.37,2.14,2015-09-13
25.3,2.1,2015-09-14
24.84,2.12,2015-09-15
24.83,2.17,2015-09-16
25.31,2.19,2015-09-17
25.14,2.03,2015-09-18
25.15,1.85,2015-09-19
24.94,1.75,2015-09-20
25.05,1.49,2015-09-21
25.34,1.65,2015-09-22
25.86,1.84,2015-09-23
25.1,1.92,2015-09-24
24.78,1.61,2015-09-25
25.86,1.75,2015-09-26
25.8,1.91,2015-09-27
25.56,2.08,2015-09-28
25.23,2.05,2015-09-29
25.12,1.84,2015-09-30
25.6,2.06,2015-10-01
25.8,1.94,2015-10-02
25.55,1.98,2015-10-03
25.99,1.53,2015-10-04
25.84,1.82,2015-10-05
25.73,1.71,2015-10-06
25.24,1.38,2015-10-07
25.15,1.65,2015-10-08
25.67,1.48,2015-10-09
25.41,1.18,2015-10-10
26.05,1.41,2015-10-11
26.08,1.35,2015-10-12
26.05,1.76,2015-10-13
25.87,1.72,2015-10-14
26.26,1.45,2015-10-15
26.24,1.88,2015-10-16
26.27,1.83,2015-10-17
25.96,1.72,2015-10-18
26.12,1.73,2015-10-19
26.37,1.98,2015-10-20
25.8,1.98,2015-10-21
25.97,1.81,2015-10-22
26.0,1.37,2015-10-23
26.22,1.8,2015-10-24
26.27,1.72,2015-10-25
26.41,1.63,2015-10-26
25.79,1.52,2015-10-27
25.98,1.59,2015-10-28
25.58,1.44,2015-10-29
25.99,1.38,2015-10-30
26.14,1.53,2015-10-31
25.94,1.54,2015-11-01
25.33,1.82,2015-11-02
26.51,1.7,2015-11-03
26.4,1.77,2015-11-04
26.07,1.6,2015-11-05
26.38,1.38,2015-11-06
26.3,1.3,2015-11-07
25.98,1.35,2015-11-08
25.62,1.36,2015-11-09
25.9,1.56,2015-11-10
26.49,1.26,2015-11-11
27.03,1.09,2015-11-12
26.98,1.22,2015-11-13
27.04,1.62,2015-11-14
26.91,1.61,2015-11-15
26.84,1.12,2015-11-16
26.86,1.34,2015-11-17
26.33,1.27,2015-11-18
26.62,1.39,2015-11-19
26.7,1.3,2015-11-20
26.44,1.23,2015-11-21
26.8,1.16,2015-11-22
27.13,1.34,2015-11-23
26.96,1.48,2015-11-24
26.92,1.34,2015-11-25
27.16,1.69,2015-11-26
27.12,1.71,2015-11-27
27.05,1.56,2015-11-28
26.96,1.49,2015-11-29
26.62,1.35,2015-11-30
25.98,1.36,2015-12-01
26.48,1.08,2015-12-02
25.68,1.39,2015-12-03
23.9,1.66,2015-12-04
23.76,1.34,2015-12-05
23.97,1.28,2015-12-06
24.3,1.48,2015-12-07
24.04,1.48,2015-12-08
24.8,1.2,2015-12-09
24.86,1.19,2015-12-10
24.45,1.3,2015-12-11
23.94,1.41,2015-12-12
24.41,1.07,2015-12-13
24.43,1.16,2015-12-14
23.53,1.48,2015-12-15
22.9,1.38,2015-12-16
22.69,1.3,2015-12-17
23.4,1.38,2015-12-18
23.73,1.43,2015-12-19
23.73,1.39,2015-12-20
24.37,1.11,2015-12-21
23.45,1.53,2015-12-22
23.03,1.41,2015-12-23
22.96,1.42,2015-12-24
23.04,1.57,2015-12-25
23.19,1.27,2015-12-26
23.3,1.53,2015-12-27
23.49,1.29,2015-12-28
23.55,1.22,2015-12-29
23.26,1.3,2015-12-30
23.94,1.17,2015-12-31
24.26,1.21,2016-01-01
23.43,1.39,2016-01-02
23.92,1.56,2016-01-03
23.63,1.45,2016-01-04
24.54,1.32,2016-01-05
25.37,1.54,2016-01-06
24.94,1.48,2016-01-07
25.94,1.36,2016-01-08
26.49,1.74,2016-01-09
26.35,1.66,2016-01-10
26.78,1.59,2016-01-11
26.97,1.49,2016-01-12
26.58,1.47,2016-01-13
26.76,1.46,2016-01-14
26.22,1.53,2016-01-15
26.19,1.69,2016-01-16
26.83,1.7,2016-01-17
26.98,1.55,2016-01-18
25.76,1.2,2016-01-19
26.44,1.12,2016-01-20
26.03,1.34,2016-01-21
26.21,1.64,2016-01-22
26.8,1.27,2016-01-23
26.43,1.25,2016-01-24
22.98,1.73,2016-01-25
23.15,1.48,2016-01-26
22.27,1.8,2016-01-27
22.69,1.89,2016-01-28
23.76,1.6,2016-01-29
22.84,1.56,2016-01-30
23.23,1.33,2016-01-31
23.18,1.23,2016-02-01
24.24,1.14,2016-02-02
25.51,1.62,2016-02-03
26.18,1.5,2016-02-04
26.33,1.66,2016-02-05
26.62,1.66,2016-02-06
26.8,1.34,2016-02-07
26.51,1.55,2016-02-08
25.76,1.36,2016-02-09
25.09,1.4,2016-02-10
25.01,1.32,2016-02-11
25.87,1.48,2016-02-12
25.91,1.54,2016-02-13
26.66,1.8,2016-02-14
27.01,1.88,2016-02-15
27.26,1.59,2016-02-16
26.98,1.73,2016-02-17
27.48,2.02,2016-02-18
27.64,1.92,2016-02-19
27.6,1.8,2016-02-20
28.07,1.82,2016-02-21
28.4,1.65,2016-02-22
28.19,1.84,2016-02-23
28.24,1.67,2016-02-24
27.77,1.52,2016-02-25
27.86,1.94,2016-02-26
27.67,2.01,2016-02-27
27.94,2.02,2016-02-28
27.96,1.95,2016-02-29
27.81,2.09,2016-03-01
28.02,2.31,2016-03-02
27.95,2.1,2016-03-03
28.16,1.98,2016-03-04
27.55,2.14,2016-03-05
27.43,1.99,2016-03-06
28.12,1.96,2016-03-07
26.54,1.16,2016-03-08
27.23,2.12,2016-03-09
27.37,2.11,2016-03-10
27.81,2.2,2016-03-11
27.98,2.1,2016-03-12
27.35,1.45,2016-03-13
27.49,1.66,2016-03-14
27.91,1.29,2016-03-15
27.57,1.75,2016-03-16
27.67,1.92,2016-03-17
27.08,1.62,2016-03-18
27.61,1.94,2016-03-19
27.76,2.02,2016-03-20
27.59,1.45,2016-03-21
27.24,1.68,2016-03-22
27.26,1.98,2016-03-23
27.07,2.47,2016-03-24
27.37,1.84,2016-03-25
27.52,1.76,2016-03-26
27.59,1.65,2016-03-27
28.03,1.78,2016-03-28
28.32,1.97,2016-03-29
28.11,1.88,2016-03-30
27.83,2.1,2016-03-31
27.55,2.22,2016-04-01
27.43,1.72,2016-04-02
27.87,1.71,2016-04-03
27.73,1.85,2016-04-04
27.56,2.09,2016-04-05
27.28,2.02,2016-04-06
27.24,1.32,2016-04-07
27.59,1.75,2016-04-08
27.17,1.73,2016-04-09
26.92,1.62,2016-04-10
27.39,1.78,2016-04-11
27.08,1.61,2016-04-12
27.48,1.59,2016-04-13
27.65,1.7,2016-04-14
27.48,1.94,2016-04-15
27.52,1.8,2016-04-16
27.72,1.75,2016-04-17
27.26,1.66,2016-04-18
27.33,1.26,2016-04-19
27.72,1.53,2016-04-20
27.68,1.58,2016-04-21
28.2,1.69,2016-04-22
28.2,1.76,2016-04-23
27.8,2.05,2016-04-24
27.57,1.88,2016-04-25
27.41,1.89,2016-04-26
27.28,1.76,2016-04-27
27.47,1.39,2016-04-28
27.19,1.51,2016-04-29
27.22,1.55,2016-04-30
27.74,1.75,2016-05-01
27.67,1.82,2016-05-02
27.1,1.78,2016-05-03
26.99,1.68,2016-05-04
27.18,1.53,2016-05-05
27.25,1.78,2016-05-06
26.91,2.28,2016-05-07
26.65,1.84,2016-05-08
26.96,1.6,2016-05-09
27.42,1.47,2016-05-10
27.4,1.51,2016-05-11
27.08,1.59,2016-05-12
26.81,1.57,2016-05-13
26.65,1.94,2016-05-14
26.15,1.62,2016-05-15
26.05,1.38,2016-05-16
25.91,1.85,2016-05-17
26.6,1.56,2016-05-18
26.86,1.77,2016-05-19
27.07,1.73,2016-05-20
26.67,1.9,2016-05-21
25.89,2.02,2016-05-22
25.61,1.6,2016-05-23
25.58,1.46,2016-05-24
26.81,1.37,2016-05-25
26.59,1.24,2016-05-26
26.98,1.94,2016-05-27
26.58,1.64,2016-05-28
26.47,2.1,2016-05-29
25.69,1.44,2016-05-30
26.7,1.46,2016-05-31
27.07,1.61,2016-06-01
26.69,1.39,2016-06-02
26.25,1.34,2016-06-03
26.86,1.48,2016-06-04
26.44,1.79,2016-06-05
26.48,1.66,2016-06-06
26.0,1.23,2016-06-07
26.38,1.24,2016-06-08
25.94,1.8,2016-06-09
25.87,1.75,2016-06-10
25.89,2.08,2016-06-11
25.27,2.5,2016-06-12
25.4,2.25,2016-06-13
25.98,2.17,2016-06-14
24.83,2.68,2016-06-15
24.76,1.67,2016-06-16
25.69,1.3,2016-06-17
26.22,1.97,2016-06-18
25.4,2.34,2016-06-19
24.55,2.11,2016-06-20
24.75,1.24,2016-06-21
25.37,1.6,2016-06-22
25.47,2.05,2016-06-23
25.07,1.98,2016-06-24
25.47,2.03,2016-06-25
25.33,2.07,2016-06-26
25.02,2.16,2016-06-27
24.86,1.61,2016-06-28
25.19,1.81,2016-06-29
25.19,1.78,2016-06-30
25.64,1.66,2016-07-01
25.87,1.83,2016-07-02
25.48,1.71,2016-07-03
25.49,2.07,2016-07-04
25.1,1.89,2016-07-05
25.55,1.77,2016-07-06
25.49,2.01,2016-07-07
25.67,2.09,2016-07-08
24.92,2.07,2016-07-09
25.26,2.28,2016-07-10
25.09,2.17,2016-07-11
25.51,2.04,2016-07-12
25.18,2.0,2016-07-13
25.07,1.96,2016-07-14
24.87,2.16,2016-07-15
24.64,1.98,2016-07-16
24.69,2.26,2016-07-17
25.12,1.76,2016-07-18
24.68,1.77,2016-07-19
25.08,1.97,2016-07-20
24.78,1.83,2016-07-21
24.44,1.75,2016-07-22
24.41,1.93,2016-07-23
24.45,1.87,2016-07-24
24.34,2.06,2016-07-25
24.41,1.79,2016-07-26
24.83,1.61,2016-07-27
25.12,1.96,2016-07-28
25.04,1.98,2016-07-29
24.61,1.98,2016-07-30
24.72,1.92,2016-07-31
25.11,2.16,2016-08-01
24.8,2.41,2016-08-02
24.9,2.38,2016-08-03
25.05,1.98,2016-08-04
24.68,2.13,2016-08-05
24.4,2.23,2016-08-06
24.69,2.38,2016-08-07
24.87,1.95,2016-08-08
24.85,1.98,2016-08-09
24.77,1.83,2016-08-10
24.84,1.77,2016-08-11
24.83,1.91,2016-08-12
25.19,2.12,2016-08-13
24.71,2.27,2016-08-14
24.49,2.15,2016-08-15
24.83,2.32,2016-08-16
24.71,1.95,2016-08-17
24.8,1.69,2016-08-18
24.69,1.72,2016-08-19
24.9,1.73,2016-08-20
25.04,1.67,2016-08-21
25.18,1.85,2016-08-22
25.26,2.14,2016-08-23
25.11,2.0,2016-08-24
24.69,1.86,2016-08-25
24.75,1.92,2016-08-26
24.69,2.11,2016-08-27
24.75,1.84,2016-08-28
25.3,1.4,2016-08-29
24.81,1.64,2016-08-30
25.18,1.62,2016-08-31
25.02,1.78,2016-09-01
25.05,1.64,2016-09-02
25.32,1.87,2016-09-03
25.58,1.96,2016-09-04
25.05,2.09,2016-09-05
24.74,1.64,2016-09-06
25.22,1.76,2016-09-07
25.31,2.0,2016-09-08
24.93,1.85,2016-09-09
25.19,2.08,2016-09-10
24.99,2.09,2016-09-11
24.83,2.12,2016-09-12
24.99,2.1,2016-09-13
24.39,1.66,2016-09-14
25.02,1.73,2016-09-15
25.44,1.76,2016-09-16
25.2,1.5,2016-09-17
25.02,1.54,2016-09-18
25.14,1.71,2016-09-19
25.16,1.91,2016-09-20
25.25,1.75,2016-09-21
25.37,1.67,2016-09-22
25.31,1.59,2016-09-23
25.15,1.7,2016-09-24
25.28,1.89,2016-09-25
25.11,1.37,2016-09-26
25.33,1.32,2016-09-27
25.56,1.57,2016-09-28
26.11,1.53,2016-09-29
25.49,1.8,2016-09-30
25.16,1.73,2016-10-01
25.43,1.85,2016-10-02
25.87,1.55,2016-10-03
25.87,1.78,2016-10-04
25.87,1.66,2016-10-05
26.01,1.59,2016-10-06
25.94,1.64,2016-10-07
25.94,1.38,2016-10-08
25.71,1.33,2016-10-09
25.86,1.6,2016-10-10
25.84,1.52,2016-10-11
26.16,1.41,2016-10-12
26.15,1.53,2016-10-13
25.98,1.54,2016-10-14
26.13,1.67,2016-10-15
26.06,1.59,2016-10-16
26.08,1.51,2016-10-17
26.31,1.65,2016-10-18
25.89,1.2,2016-10-19
26.3,1.22,2016-10-20
25.93,1.45,2016-10-21
25.86,1.49,2016-10-22
25.98,1.09,2016-10-23
26.88,1.38,2016-10-24
26.77,1.56,2016-10-25
27.13,1.67,2016-10-26
27.06,1.5,2016-10-27
26.85,1.52,2016-10-28
26.72,1.55,2016-10-29
25.95,1.41,2016-10-30
26.2,1.16,2016-10-31
26.05,1.45,2016-11-01
26.23,1.6,2016-11-02
26.5,1.41,2016-11-03
26.95,1.27,2016-11-04
26.93,1.27,2016-11-05
26.51,1.13,2016-11-06
26.44,1.25,2016-11-07
26.93,0.98,2016-11-08
27.06,1.07,2016-11-09
26.83,1.51,2016-11-10
26.94,1.85,2016-11-11
26.78,1.59,2016-11-12
27.18,0.99,2016-11-13
27.51,1.06,2016-11-14
27.52,1.26,2016-11-15
27.48,1.68,2016-11-16
27.05,1.88,2016-11-17
27.24,1.63,2016-11-18
26.9,1.12,2016-11-19
27.14,1.34,2016-11-20
26.3,1.71,2016-11-21
27.17,1.33,2016-11-22
26.79,1.29,2016-11-23
27.48,1.41,2016-11-24
27.56,1.53,2016-11-25
27.03,1.55,2016-11-26
27.01,1.63,2016-11-27
27.17,1.94,2016-11-28
26.82,1.6,2016-11-29
27.2,1.66,2016-11-30
27.05,1.47,2016-12-01
27.02,1.36,2016-12-02
26.97,1.2,2016-12-03
27.01,0.99,2016-12-04
26.52,1.27,2016-12-05
26.31,1.21,2016-12-06
26.76,1.45,2016-12-07
26.91,1.56,2016-12-08
26.72,1.45,2016-12-09
26.19,1.29,2016-12-10
26.08,1.38,2016-12-11
26.66,1.13,2016-12-12
26.4,1.2,2016-12-13
26.58,1.08,2016-12-14
26.76,1.48,2016-12-15
27.19,1.18,2016-12-16
27.17,1.34,2016-12-17
27.1,1.33,2016-12-18
26.5,1.26,2016-12-19
27.51,1.12,2016-12-20
26.69,1.01,2016-12-21
26.94,1.57,2016-12-22
26.66,1.27,2016-12-23
27.19,1.41,2016-12-24
27.17,1.29,2016-12-25
24.02,1.37,2016-12-26
23.08,1.6,2016-12-27
24.32,1.2,2016-12-28
23.8,1.23,2016-12-29
24.12,1.36,2016-12-30
24.32,1.28,2016-12-31
24.81,1.2,2017-01-01
25.21,1.01,2017-01-02
24.69,1.14,2017-01-03
24.26,1.3,2017-01-04
25.35,1.3,2017-01-05
25.48,1.16,2017-01-06
26.33,1.15,2017-01-07
26.73,1.12,2017-01-08
24.5,1.26,2017-01-09
25.44,1.52,2017-01-10
26.21,1.98,2017-01-11
26.4,1.79,2017-01-12
26.14,1.47,2017-01-13
24.8,1.05,2017-01-14
25.45,0.93,2017-01-15
26.45,1.41,2017-01-16
26.88,1.61,2017-01-17
26.53,1.88,2017-01-18
26.55,1.38,2017-01-19
26.44,1.53,2017-01-20
27.01,1.84,2017-01-21
26.69,1.83,2017-01-22
26.59,2.16,2017-01-23
26.37,1.92,2017-01-24
26.8,1.7,2017-01-25
26.77,1.83,2017-01-26
26.65,1.79,2017-01-27
26.87,1.91,2017-01-28
26.86,1.7,2017-01-29
26.73,1.71,2017-01-30
26.86,1.59,2017-01-31
26.5,1.87,2017-02-01
26.65,1.67,2017-02-02
27.23,1.7,2017-02-03
27.06,1.41,2017-02-04
27.46,1.31,2017-02-05
27.0,1.68,2017-02-06
26.62,1.53,2017-02-07
26.64,1.48,2017-02-08
26.86,1.45,2017-02-09
26.65,1.7,2017-02-10
26.85,1.5,2017-02-11
27.29,1.52,2017-02-12
27.7,1.41,2017-02-13
27.44,1.49,2017-02-14
27.25,1.22,2017-02-15
27.04,1.24,2017-02-16
26.16,1.33,2017-02-17
24.02,1.56,2017-02-18
24.1,1.47,2017-02-19
25.05,1.36,2017-02-20
26.69,1.04,2017-02-21
26.9,1.68,2017-02-22
27.08,1.84,2017-02-23
27.56,1.7,2017-02-24
27.31,1.66,2017-02-25
26.75,1.84,2017-02-26
26.98,1.8,2017-02-27
27.24,1.79,2017-02-28
27.27,1.91,2017-03-01
27.33,1.93,2017-03-02
27.24,1.85,2017-03-03
27.27,1.62,2017-03-04
27.19,1.93,2017-03-05
27.48,2.1,2017-03-06
27.29,2.07,2017-03-07
27.26,1.94,2017-03-08
26.99,1.91,2017-03-09
27.17,1.66,2017-03-10
26.89,1.7,2017-03-11
27.1,1.7,2017-03-12
26.98,1.32,2017-03-13
26.89,1.99,2017-03-14
27.05,1.56,2017-03-15
27.38,1.65,2017-03-16
27.86,2.06,2017-03-17
27.65,1.73,2017-03-18
27.47,1.99,2017-03-19
27.71,1.84,2017-03-20
27.42,2.3,2017-03-21
27.46,2.41,2017-03-22
27.26,1.95,2017-03-23
26.94,1.46,2017-03-24
27.0,1.49,2017-03-25
27.41,1.73,2017-03-26
27.44,1.64,2017-03-27
27.33,1.53,2017-03-28
27.3,1.52,2017-03-29
27.34,1.7,2017-03-30
26.96,1.95,2017-03-31
27.24,1.55,2017-04-01
27.33,1.58,2017-04-02
26.77,1.44,2017-04-03
26.94,1.62,2017-04-04
27.16,1.68,2017-04-05
27.13,1.79,2017-04-06
26.8,1.11,2017-04-07
27.23,1.7,2017-04-08
26.89,1.73,2017-04-09
27.23,1.69,2017-04-10
27.29,1.84,2017-04-11
27.55,1.97,2017-04-12
27.07,2.01,2017-04-13
27.26,1.55,2017-04-14
27.5,1.3,2017-04-15
26.43,1.47,2017-04-16
27.4,1.27,2017-04-17
27.39,1.54,2017-04-18
27.3,1.3,2017-04-19
27.53,1.65,2017-04-20
27.36,1.88,2017-04-21
27.55,1.68,2017-04-22
27.33,1.62,2017-04-23
27.48,1.73,2017-04-24
27.19,1.71,2017-04-25
27.37,1.73,2017-04-26
27.42,1.6,2017-04-27
27.16,1.53,2017-04-28
27.37,1.66,2017-04-29
27.54,1.59,2017-04-30
27.05,1.57,2017-05-01
26.76,1.49,2017-05-02
26.94,1.86,2017-05-03
26.94,1.14,2017-05-04
26.48,1.45,2017-05-05
27.23,1.52,2017-05-06
27.11,1.27,2017-05-07
27.01,1.48,2017-05-08
26.83,1.16,2017-05-09
27.3,1.34,2017-05-10
26.65,1.32,2017-05-11
26.59,0.88,2017-05-12
27.13,1.55,2017-05-13
27.28,1.86,2017-05-14
26.95,1.89,2017-05-15
25.98,1.7,2017-05-16
26.8,1.19,2017-05-17
27.12,1.59,2017-05-18
27.1,1.59,2017-05-19
26.9,1.3,2017-05-20
27.3,1.43,2017-05-21
27.04,1.49,2017-05-22
27.06,1.61,2017-05-23
26.98,2.01,2017-05-24
25.65,1.47,2017-05-25
26.25,1.55,2017-05-26
26.65,1.23,2017-05-27
27.11,1.5,2017-05-28
27.14,1.81,2017-05-29
27.21,1.77,2017-05-30
26.39,1.76,2017-05-31
26.49,1.33,2017-06-01
26.5,1.84,2017-06-02
26.3,1.68,2017-06-03
26.64,1.55,2017-06-04
26.5,1.63,2017-06-05
26.53,1.79,2017-06-06
26.98,1.37,2017-06-07
26.92,1.35,2017-06-08
27.19,1.62,2017-06-09
26.73,1.97,2017-06-10
27.13,1.92,2017-06-11
26.37,1.98,2017-06-12
25.36,1.31,2017-06-13
25.97,1.68,2017-06-14
26.42,1.7,2017-06-15
25.78,1.88,2017-06-16
25.27,1.41,2017-06-17
25.84,1.17,2017-06-18
25.81,1.86,2017-06-19
24.9,1.65,2017-06-20
26.01,1.3,2017-06-21
26.01,1.64,2017-06-22
25.46,1.9,2017-06-23
25.49,1.44,2017-06-24
25.55,1.18,2017-06-25
25.54,1.23,2017-06-26
25.5,1.52,2017-06-27
25.26,1.49,2017-06-28
25.49,1.62,2017-06-29
25.58,1.82,2017-06-30
25.05,1.81,2017-07-01
25.37,1.95,2017-07-02
25.34,1.88,2017-07-03
25.3,2.05,2017-07-04
24.65,1.66,2017-07-05
24.65,2.02,2017-07-06
25.02,1.78,2017-07-07
25.19,2.03,2017-07-08
25.01,2.0,2017-07-09
24.77,2.06,2017-07-10
24.8,1.85,2017-07-11
25.4,1.7,2017-07-12
25.55,1.9,2017-07-13
25.38,1.89,2017-07-14
25.35,1.91,2017-07-15
25.09,2.25,2017-07-16
25.25,2.16,2017-07-17
24.99,1.68,2017-07-18
25.45,1.67,2017-07-19
25.7,1.97,2017-07-20
25.22,2.3,2017-07-21
24.92,2.2,2017-07-22
24.8,1.97,2017-07-23
24.95,2.32,2017-07-24
24.73,2.21,2017-07-25
24.83,1.92,2017-07-26
25.31,1.74,2017-07-27
25.05,1.88,2017-07-28
25.15,2.0,2017-07-29
25.05,2.36,2017-07-30
24.81,2.15,2017-07-31
24.55,2.13,2017-08-01
24.44,1.97,2017-08-02
24.83,2.15,2017-08-03
24.22,2.02,2017-08-04
24.55,2.02,2017-08-05
24.64,2.09,2017-08-06
24.18,1.76,2017-08-07
24.48,2.02,2017-08-08
24.64,2.02,2017-08-09
24.98,1.8,2017-08-10
25.01,2.05,2017-08-11
24.9,2.05,2017-08-12
24.98,2.01,2017-08-13
24.55,2.3,2017-08-14
24.76,2.14,2017-08-15
24.87,2.33,2017-08-16
24.4,2.27,2017-08-17
24.37,2.14,2017-08-18
24.71,1.84,2017-08-19
24.62,2.05,2017-08-20
24.33,2.1,2017-08-21
24.38,2.13,2017-08-22
24.84,1.84,2017-08-23
25.01,1.8,2017-08-24
24.65,2.09,2017-08-25
24.39,1.52,2017-08-26
24.9,1.56,2017-08-27
24.96,1.72,2017-08-28
24.55,2.24,2017-08-29
24.51,2.45,2017-08-30
24.51,2.07,2017-08-31
24.58,1.62,2017-09-01
24.55,1.84,2017-09-02
24.65,1.97,2017-09-03
24.91,2.1,2017-09-04
25.05,1.75,2017-09-05
25.02,2.07,2017-09-06
24.53,2.11,2017-09-07
24.76,1.75,2017-09-08
25.3,1.57,2017-09-09
25.36,2.06,2017-09-10
24.7,2.15,2017-09-11
24.72,1.7,2017-09-12
24.94,1.88,2017-09-13
25.21,1.84,2017-09-14
25.43,1.95,2017-09-15
25.01,2.22,2017-09-16
25.44,1.62,2017-09-17
25.54,1.88,2017-09-18
25.55,2.09,2017-09-19
25.64,1.7,2017-09-20
25.47,2.11,2017-09-21
25.34,2.06,2017-09-22
25.29,1.62,2017-09-23
25.23,1.4,2017-09-24
25.11,1.48,2017-09-25
25.23,1.47,2017-09-26
25.52,1.46,2017-09-27
25.28,1.88,2017-09-28
25.3,1.47,2017-09-29
25.57,1.28,2017-09-30
25.82,1.48,2017-10-01
25.98,1.62,2017-10-02
26.0,1.66,2017-10-03
26.01,1.66,2017-10-04
25.28,1.59,2017-10-05
26.01,1.57,2017-10-06
25.8,1.81,2017-10-07
25.21,1.32,2017-10-08
25.88,1.55,2017-10-09
25.94,1.8,2017-10-10
25.46,1.71,2017-10-11
24.95,1.52,2017-10-12
25.51,1.67,2017-10-13
25.92,1.46,2017-10-14
26.15,1.58,2017-10-15
26.41,1.38,2017-10-16
26.26,1.56,2017-10-17
25.37,1.67,2017-10-18
26.14,1.48,2017-10-19
26.55,1.45,2017-10-20
26.28,1.64,2017-10-21
26.49,1.82,2017-10-22
26.51,1.73,2017-10-23
26.73,1.52,2017-10-24
26.68,1.6,2017-10-25
26.38,1.44,2017-10-26
26.41,1.52,2017-10-27
25.98,1.74,2017-10-28
26.29,1.29,2017-10-29
26.8,1.5,2017-10-30
26.82,1.58,2017-10-31
26.17,1.09,2017-11-01
25.8,1.4,2017-11-02
26.0,1.46,2017-11-03
26.05,1.6,2017-11-04
26.27,1.6,2017-11-05
26.15,1.61,2017-11-06
26.38,1.12,2017-11-07
26.94,1.34,2017-11-08
27.01,1.47,2017-11-09
26.67,1.62,2017-11-10
26.71,1.49,2017-11-11
26.52,1.4,2017-11-12
27.03,1.07,2017-11-13
27.1,1.49,2017-11-14
26.94,1.64,2017-11-15
26.83,1.66,2017-11-16
26.51,1.86,2017-11-17
26.44,1.81,2017-11-18
26.16,1.8,2017-11-19
25.94,1.39,2017-11-20
26.15,1.23,2017-11-21
26.61,1.59,2017-11-22
26.15,1.71,2017-11-23
26.44,1.4,2017-11-24
26.5,1.12,2017-11-25
26.61,1.13,2017-11-26
26.44,1.33,2017-11-27
26.29,1.59,2017-11-28
26.6,1.25,2017-11-29
26.7,1.21,2017-11-30
26.44,1.3,2017-12-01
27.13,1.26,2017-12-02
27.0,1.32,2017-12-03
27.17,1.49,2017-12-04
27.14,1.37,2017-12-05
27.14,1.55,2017-12-06
27.06,1.53,2017-12-07
26.86,1.48,2017-12-08
25.83,1.34,2017-12-09
26.02,1.36,2017-12-10
25.75,1.09,2017-12-11
26.83,0.8,2017-12-12
26.01,1.12,2017-12-13
26.05,1.36,2017-12-14
26.53,1.55,2017-12-15
26.76,1.46,2017-12-16
26.89,1.75,2017-12-17
26.83,1.74,2017-12-18
26.3,1.59,2017-12-19
26.3,1.3,2017-12-20
26.75,1.49,2017-12-21
26.52,1.53,2017-12-22
25.58,1.7,2017-12-23
26.41,1.28,2017-12-24
26.4,0.96,2017-12-25
24.83,1.24,2017-12-26
24.25,1.11,2017-12-27
24.19,1.22,2017-12-28
24.83,1.25,2017-12-29
25.69,1.31,2017-12-30
25.78,1.02,2017-12-31
24.44,1.04,2018-01-01
22.87,1.7,2018-01-02
22.15,1.77,2018-01-03
22.39,1.72,2018-01-04
22.07,1.51,2018-01-05
22.53,1.24,2018-01-06
24.41,1.03,2018-01-07
25.05,1.19,2018-01-08
24.46,1.37,2018-01-09
25.62,1.76,2018-01-10
26.06,1.66,2018-01-11
24.93,1.6,2018-01-12
24.93,1.51,2018-01-13
25.64,1.08,2018-01-14
25.9,1.05,2018-01-15
26.12,1.22,2018-01-16
25.62,1.48,2018-01-17
26.08,1.52,2018-01-18
26.46,1.51,2018-01-19
26.49,1.59,2018-01-20
26.15,1.46,2018-01-21
25.82,1.48,2018-01-22
25.79,1.21,2018-01-23
24.44,1.12,2018-01-24
24.15,1.23,2018-01-25
24.19,1.02,2018-01-26
24.72,1.26,2018-01-27
25.19,1.52,2018-01-28
26.19,1.31,2018-01-29
26.61,1.32,2018-01-30
25.37,1.15,2018-01-31
24.55,1.48,2018-02-01
26.22,1.7,2018-02-02
27.15,1.34,2018-02-03
26.72,1.64,2018-02-04
27.33,1.87,2018-02-05
27.54,2.14,2018-02-06
26.98,1.72,2018-02-07
27.19,2.27,2018-02-08
27.12,2.27,2018-02-09
27.17,1.95,2018-02-10
27.35,2.03,2018-02-11
26.97,1.34,2018-02-12
26.85,1.62,2018-02-13
27.3,1.8,2018-02-14
26.96,1.38,2018-02-15
27.49,1.83,2018-02-16
27.47,1.97,2018-02-17
27.17,2.08,2018-02-18
27.17,1.61,2018-02-19
26.65,1.6,2018-02-20
26.51,2.29,2018-02-21
26.72,2.0,2018-02-22
26.44,1.62,2018-02-23
26.38,1.78,2018-02-24
26.17,1.89,2018-02-25
26.05,2.27,2018-02-26
25.91,1.51,2018-02-27
26.55,1.88,2018-02-28
26.38,2.05,2018-03-01
26.82,1.9,2018-03-02
27.08,2.02,2018-03-03
26.92,2.14,2018-03-04
26.56,1.93,2018-03-05
26.72,1.96,2018-03-06
27.12,2.05,2018-03-07
27.07,2.13,2018-03-08
26.87,1.96,2018-03-09
26.76,2.01,2018-03-10
26.96,1.85,2018-03-11
27.13,2.02,2018-03-12
27.23,1.91,2018-03-13
27.17,1.92,2018-03-14
27.27,2.28,2018-03-15
27.15,2.12,2018-03-16
26.87,2.49,2018-03-17
26.68,2.18,2018-03-18
26.75,2.07,2018-03-19
27.04,1.98,2018-03-20
26.46,1.98,2018-03-21
26.97,1.59,2018-03-22
26.33,1.3,2018-03-23
26.44,1.1,2018-03-24
26.62,1.29,2018-03-25
27.22,1.56,2018-03-26
27.02,1.74,2018-03-27
27.36,2.04,2018-03-28
27.0,1.8,2018-03-29
26.91,1.39,2018-03-30
27.38,1.61,2018-03-31
27.09,1.77,2018-04-01
27.37,2.08,2018-04-02
27.6,1.97,2018-04-03
27.38,1.75,2018-04-04
26.74,1.63,2018-04-05
26.42,1.97,2018-04-06
26.76,1.71,2018-04-07
26.51,1.66,2018-04-08
26.46,2.1,2018-04-09
25.74,1.62,2018-04-10
26.87,1.65,2018-04-11
27.05,1.97,2018-04-12
27.31,2.02,2018-04-13
27.36,2.16,2018-04-14
26.73,1.84,2018-04-15
27.02,1.7,2018-04-16
27.09,1.74,2018-04-17
27.18,1.77,2018-04-18
27.15,1.79,2018-04-19
26.59,1.88,2018-04-20
26.6,1.45,2018-04-21
26.85,1.74,2018-04-22
27.13,1.84,2018-04-23
27.04,1.77,2018-04-24
26.52,1.78,2018-04-25
26.61,1.45,2018-04-26
26.84,1.59,2018-04-27
26.94,1.59,2018-04-28
26.92,1.96,2018-04-29
27.18,1.75,2018-04-30
27.25,1.82,2018-05-01
27.11,1.71,2018-05-02
26.94,1.8,2018-05-03
27.18,1.66,2018-05-04
27.1,1.7,2018-05-05
26.94,1.87,2018-05-06
26.7,1.72,2018-05-07
26.26,1.61,2018-05-08
26.32,1.8,2018-05-09
26.13,1.35,2018-05-10
25.73,1.63,2018-05-11
25.4,1.61,2018-05-12
25.6,1.7,2018-05-13
26.13,1.59,2018-05-14
26.32,1.52,2018-05-15
26.48,1.7,2018-05-16
26.31,1.59,2018-05-17
26.42,1.08,2018-05-18
26.68,1.7,2018-05-19
26.68,1.98,2018-05-20
26.44,1.86,2018-05-21
26.57,1.52,2018-05-22
26.45,1.53,2018-05-23
26.69,1.77,2018-05-24
26.41,2.05,2018-05-25
25.64,1.51,2018-05-26
25.79,1.7,2018-05-27
26.28,1.9,2018-05-28
26.26,1.77,2018-05-29
26.0,1.58,2018-05-30
26.53,1.73,2018-05-31
26.8,1.76,2018-06-01
26.2,1.54,2018-06-02
25.76,1.55,2018-06-03
25.89,1.67,2018-06-04
26.47,1.59,2018-06-05
26.0,1.43,2018-06-06
26.37,1.62,2018-06-07
25.98,1.71,2018-06-08
25.93,2.28,2018-06-09
24.9,1.82,2018-06-10
25.93,1.12,2018-06-11
26.51,1.55,2018-06-12
26.56,1.79,2018-06-13
26.59,1.64,2018-06-14
26.36,1.81,2018-06-15
25.65,1.69,2018-06-16
25.62,1.95,2018-06-17
25.56,2.38,2018-06-18
25.09,2.36,2018-06-19
25.14,2.29,2018-06-20
24.52,2.05,2018-06-21
24.99,1.87,2018-06-22
24.78,2.02,2018-06-23
24.94,1.77,2018-06-24
25.3,1.52,2018-06-25
25.32,1.68,2018-06-26
25.79,1.96,2018-06-27
24.78,1.98,2018-06-28
24.99,1.84,2018-06-29
24.91,2.23,2018-06-30
24.55,1.8,2018-07-01
25.17,1.8,2018-07-02
24.73,1.83,2018-07-03
25.33,1.77,2018-07-04
25.0,1.52,2018-07-05
25.35,1.55,2018-07-06
24.87,1.38,2018-07-07
25.53,1.46,2018-07-08
25.4,1.48,2018-07-09
25.55,1.43,2018-07-10
25.43,1.55,2018-07-11
25.47,1.88,2018-07-12
24.93,2.0,2018-07-13
25.13,1.85,2018-07-14
25.27,2.3,2018-07-15
25.4,1.97,2018-07-16
25.12,1.91,2018-07-17
24.87,1.77,2018-07-18
25.08,1.95,2018-07-19
24.69,2.01,2018-07-20
24.56,1.83,2018-07-21
25.28,1.57,2018-07-22
25.69,1.84,2018-07-23
25.47,2.12,2018-07-24
24.93,2.13,2018-07-25
25.24,1.91,2018-07-26
25.39,1.55,2018-07-27
25.31,2.18,2018-07-28
24.49,2.48,2018-07-29
24.65,2.05,2018-07-30
24.26,2.17,2018-07-31
24.69,2.11,2018-08-01
24.55,1.96,2018-08-02
24.62,2.13,2018-08-03
24.84,2.05,2018-08-04
24.46,2.16,2018-08-05
24.51,2.17,2018-08-06
24.76,2.16,2018-08-07
25.23,2.0,2018-08-08
24.69,2.22,2018-08-09
24.64,2.13,2018-08-10
25.04,1.95,2018-08-11
24.96,2.09,2018-08-12
24.46,2.24,2018-08-13
24.81,1.81,2018-08-14
25.19,1.92,2018-08-15
24.99,2.09,2018-08-16
24.54,1.82,2018-08-17
25.05,1.89,2018-08-18
24.8,1.8,2018-08-19
24.59,2.24,2018-08-20
24.4,2.66,2018-08-21
24.44,2.32,2018-08-22
24.72,2.04,2018-08-23
24.25,2.12,2018-08-24
24.3,2.16,2018-08-25
25.2,1.84,2018-08-26
24.98,1.68,2018-08-27
25.43,1.74,2018-08-28
25.22,1.88,2018-08-29
25.2,1.89,2018-08-30
25.13,2.21,2018-08-31
24.83,1.82,2018-09-01
25.34,1.6,2018-09-02
25.15,1.6,2018-09-03
25.32,1.65,2018-09-04
25.12,1.71,2018-09-05
24.81,2.34,2018-09-06
24.69,2.06,2018-09-07
24.9,1.8,2018-09-08
25.17,1.76,2018-09-09
24.48,1.32,2018-09-10
24.48,1.32,2018-09-11
25.55,1.45,2018-09-12
24.97,1.52,2018-09-13
25.41,1.59,2018-09-14
25.08,1.75,2018-09-15
25.56,1.52,2018-09-16
25.59,1.64,2018-09-17
25.72,1.54,2018-09-18
25.69,1.31,2018-09-19
26.11,1.38,2018-09-20
26.15,1.73,2018-09-21
25.62,1.94,2018-09-22
25.29,1.68,2018-09-23
25.86,1.56,2018-09-24
25.35,1.66,2018-09-25
25.49,1.37,2018-09-26
25.99,1.8,2018-09-27
25.58,1.65,2018-09-28
25.28,0.87,2018-09-29
25.8,1.63,2018-09-30
25.35,1.78,2018-10-01
25.65,1.52,2018-10-02
25.97,1.54,2018-10-03
25.98,1.59,2018-10-04
25.8,1.63,2018-10-05
25.51,1.25,2018-10-06
26.09,1.34,2018-10-07
25.77,1.41,2018-10-08
25.53,1.57,2018-10-09
25.76,1.5,2018-10-10
25.92,1.56,2018-10-11
25.44,1.91,2018-10-12
25.76,1.4,2018-10-13
25.92,1.47,2018-10-14
25.69,1.37,2018-10-15
25.31,1.48,2018-10-16
25.62,1.41,2018-10-17
25.59,1.72,2018-10-18
26.42,1.12,2018-10-19
27.24,1.2,2018-10-20
26.25,1.59,2018-10-21
26.38,1.51,2018-10-22
26.6,1.69,2018-10-23
25.92,1.38,2018-10-24
26.27,1.46,2018-10-25
26.31,1.33,2018-10-26
26.3,1.28,2018-10-27
26.8,1.48,2018-10-28
26.48,1.12,2018-10-29
26.45,1.28,2018-10-30
26.88,1.49,2018-10-31
26.73,1.84,2018-11-01
26.43,1.52,2018-11-02
26.19,1.25,2018-11-03
26.34,1.22,2018-11-04
26.08,1.36,2018-11-05
25.94,1.42,2018-11-06
26.36,1.09,2018-11-07
26.86,1.03,2018-11-08
26.39,1.45,2018-11-09
26.6,1.07,2018-11-10
27.15,1.32,2018-11-11
27.45,1.27,2018-11-12
27.44,1.23,2018-11-13
27.08,1.68,2018-11-14
27.2,1.57,2018-11-15
26.65,1.29,2018-11-16
26.26,1.31,2018-11-17
26.44,1.21,2018-11-18
26.09,1.0,2018-11-19
26.42,1.3,2018-11-20
26.7,1.64,2018-11-21
27.23,1.47,2018-11-22
27.46,1.38,2018-11-23
27.51,1.43,2018-11-24
26.86,1.58,2018-11-25
27.2,1.77,2018-11-26
27.23,1.39,2018-11-27
27.15,0.99,2018-11-28
27.28,1.4,2018-11-29
27.17,1.57,2018-11-30
27.06,1.59,2018-12-01
26.61,1.43,2018-12-02
27.3,0.91,2018-12-03
26.93,0.55,2018-12-04
27.01,0.85,2018-12-05
26.17,1.1,2018-12-06
25.59,1.51,2018-12-07
26.65,1.56,2018-12-08
26.93,1.05,2018-12-09
26.22,1.05,2018-12-10
26.78,1.31,2018-12-11
26.99,0.96,2018-12-12
26.97,1.27,2018-12-13
25.65,1.27,2018-12-14
26.3,1.57,2018-12-15
26.87,1.76,2018-12-16
27.22,1.48,2018-12-17
27.09,0.81,2018-12-18
27.34,0.97,2018-12-19
25.44,0.94,2018-12-20
25.16,1.14,2018-12-21
24.7,1.02,2018-12-22
25.13,1.22,2018-12-23
25.26,0.98,2018-12-24
24.63,1.25,2018-12-25
25.05,0.91,2018-12-26
24.28,1.33,2018-12-27
25.15,1.12,2018-12-28
25.99,0.78,2018-12-29
25.21,1.16,2018-12-30
26.18,1.27,2018-12-31
25.33,1.45,2019-01-01
25.69,0.93,2019-01-02
25.35,1.06,2019-01-03
24.92,1.23,2019-01-04
25.05,1.49,2019-01-05
25.83,1.38,2019-01-06
26.67,1.14,2019-01-07
26.08,1.02,2019-01-08
24.37,1.37,2019-01-09
25.62,1.08,2019-01-10
26.27,1.18,2019-01-11
25.82,1.48,2019-01-12
26.67,1.87,2019-01-13
26.76,1.78,2019-01-14
27.23,1.49,2019-01-15
26.98,1.15,2019-01-16
27.21,1.32,2019-01-17
26.97,1.69,2019-01-18
27.04,1.9,2019-01-19
27.02,1.87,2019-01-20
27.0,1.66,2019-01-21
27.13,1.83,2019-01-22
27.36,2.02,2019-01-23
26.56,2.08,2019-01-24
26.62,1.7,2019-01-25
27.62,2.04,2019-01-26
27.37,2.02,2019-01-27
27.08,2.12,2019-01-28
26.86,1.59,2019-01-29
27.01,1.3,2019-01-30
27.3,1.5,2019-01-31
26.92,1.71,2019-02-01
26.51,1.87,2019-02-02
26.65,1.68,2019-02-03
26.83,1.9,2019-02-04
27.03,1.85,2019-02-05
27.33,1.73,2019-02-06
27.45,1.17,2019-02-07
27.42,1.06,2019-02-08
27.17,1.27,2019-02-09
26.98,1.14,2019-02-10
25.83,1.51,2019-02-11
25.8,1.5,2019-02-12
26.78,1.13,2019-02-13
27.18,1.28,2019-02-14
27.29,1.45,2019-02-15
26.4,1.14,2019-02-16
26.09,1.05,2019-02-17
26.94,1.38,2019-02-18
27.36,1.57,2019-02-19
27.05,1.87,2019-02-20
27.01,2.13,2019-02-21
27.4,2.22,2019-02-22
27.43,2.27,2019-02-23
27.04,1.95,2019-02-24
26.73,1.64,2019-02-25
26.94,1.55,2019-02-26
26.44,1.51,2019-02-27
26.48,1.77,2019-02-28
26.08,1.42,2019-03-01
26.66,1.69,2019-03-02
26.56,1.84,2019-03-03
26.93,2.09,2019-03-04
27.22,1.82,2019-03-05
27.19,1.78,2019-03-06
27.12,1.69,2019-03-07
27.02,1.65,2019-03-08
27.19,1.64,2019-03-09
27.05,1.64,2019-03-10
27.22,1.76,2019-03-11
27.24,1.81,2019-03-12
27.61,1.67,2019-03-13
27.33,1.79,2019-03-14
27.91,1.47,2019-03-15
27.6,1.43,2019-03-16
28.12,1.34,2019-03-17
27.82,1.8,2019-03-18
27.73,1.8,2019-03-19
27.5,1.93,2019-03-20
27.35,1.96,2019-03-21
27.07,1.66,2019-03-22
27.33,2.14,2019-03-23
27.13,2.02,2019-03-24
27.04,1.48,2019-03-25
27.38,1.45,2019-03-26
27.58,1.38,2019-03-27
27.75,1.76,2019-03-28
27.87,1.74,2019-03-29
27.4,1.77,2019-03-30
27.51,1.66,2019-03-31
27.66,1.27,2019-04-01
27.54,1.55,2019-04-02
27.92,1.57,2019-04-03
28.13,1.78,2019-04-04
27.83,1.81,2019-04-05
27.97,2.2,2019-04-06
27.51,2.02,2019-04-07
27.27,1.89,2019-04-08
27.14,1.28,2019-04-09
27.38,1.9,2019-04-10
26.87,1.44,2019-04-11
27.3,1.76,2019-04-12
26.79,1.65,2019-04-13
26.27,1.19,2019-04-14
27.08,1.59,2019-04-15
27.13,1.45,2019-04-16
27.27,1.29,2019-04-17
27.64,1.67,2019-04-18
27.44,1.67,2019-04-19
27.51,1.77,2019-04-20
27.33,1.55,2019-04-21
27.28,1.73,2019-04-22
26.98,1.6,2019-04-23
27.44,1.2,2019-04-24
27.52,1.62,2019-04-25
27.58,1.88,2019-04-26
27.8,1.65,2019-04-27
27.86,1.77,2019-04-28
27.94,1.95,2019-04-29
27.85,1.88,2019-04-30
27.33,1.63,2019-05-01
27.21,1.59,2019-05-02
27.03,1.45,2019-05-03
26.73,1.44,2019-05-04
27.12,1.25,2019-05-05
27.09,1.75,2019-05-06
27.35,1.59,2019-05-07
27.1,1.38,2019-05-08
27.27,1.42,2019-05-09
27.04,1.36,2019-05-10
27.18,1.6,2019-05-11
27.45,1.23,2019-05-12
27.03,1.13,2019-05-13
26.86,1.66,2019-05-14
26.03,1.61,2019-05-15
25.22,1.77,2019-05-16
26.84,1.05,2019-05-17
27.27,1.56,2019-05-18
27.43,1.56,2019-05-19
26.81,1.78,2019-05-20
26.42,1.37,2019-05-21
27.06,1.41,2019-05-22
26.94,1.55,2019-05-23
26.94,1.44,2019-05-24
26.78,1.51,2019-05-25
26.6,1.58,2019-05-26
26.68,1.82,2019-05-27
26.54,1.74,2019-05-28
26.44,1.72,2019-05-29
25.94,1.68,2019-05-30
26.24,1.77,2019-05-31
25.99,1.94,2019-06-01
25.89,1.55,2019-06-02
26.73,1.59,2019-06-03
26.65,1.77,2019-06-04
26.25,2.32,2019-06-05
25.82,2.55,2019-06-06
25.68,1.5,2019-06-07
25.89,1.52,2019-06-08
25.78,1.74,2019-06-09
26.04,1.95,2019-06-10
26.45,1.81,2019-06-11
25.9,1.8,2019-06-12
25.96,1.88,2019-06-13
26.01,1.7,2019-06-14
25.95,1.85,2019-06-15
26.45,1.81,2019-06-16
26.42,1.74,2019-06-17
26.54,1.62,2019-06-18
26.6,1.73,2019-06-19
26.08,1.91,2019-06-20
25.88,1.8,2019-06-21
26.05,2.03,2019-06-22
25.79,2.04,2019-06-23
25.03,1.81,2019-06-24
25.07,1.95,2019-06-25
25.33,1.77,2019-06-26
25.38,1.69,2019-06-27
24.91,1.45,2019-06-28
25.51,1.57,2019-06-29
25.91,1.84,2019-06-30
25.69,1.91,2019-07-01
26.04,1.77,2019-07-02
26.0,1.78,2019-07-03
25.55,1.9,2019-07-04
25.3,1.52,2019-07-05
26.15,2.08,2019-07-06
25.85,2.59,2019-07-07
24.95,2.75,2019-07-08
24.88,1.84,2019-07-09
25.55,1.77,2019-07-10
24.77,1.85,2019-07-11
24.11,1.57,2019-07-12
25.08,1.56,2019-07-13
25.67,1.68,2019-07-14
24.66,2.02,2019-07-15
25.28,1.55,2019-07-16
25.65,1.78,2019-07-17
25.19,2.35,2019-07-18
24.9,1.88,2019-07-19
25.13,1.8,2019-07-20
25.38,1.72,2019-07-21
25.09,1.84,2019-07-22
25.28,1.88,2019-07-23
25.45,1.71,2019-07-24
25.4,1.98,2019-07-25
24.87,2.22,2019-07-26
25.16,2.25,2019-07-27
24.69,2.32,2019-07-28
24.77,1.76,2019-07-29
25.07,2.06,2019-07-30
25.24,1.98,2019-07-31
25.13,2.2,2019-08-01
24.48,2.3,2019-08-02
24.48,2.03,2019-08-03
25.0,1.88,2019-08-04
24.73,1.98,2019-08-05
24.76,2.03,2019-08-06
25.23,1.96,2019-08-07
24.76,2.16,2019-08-08
24.73,2.12,2019-08-09
25.04,2.08,2019-08-10
25.24,2.29,2019-08-11
25.03,2.14,2019-08-12
25.25,2.11,2019-08-13
25.28,2.11,2019-08-14
25.26,1.88,2019-08-15
25.3,2.29,2019-08-16
25.35,1.99,2019-08-17
25.55,2.19,2019-08-18
24.68,2.07,2019-08-19
25.42,2.21,2019-08-20
24.96,1.76,2019-08-21
25.02,2.16,2019-08-22
24.74,1.91,2019-08-23
25.14,2.03,2019-08-24
25.25,1.77,2019-08-25
24.93,1.97,2019-08-26
25.24,1.8,2019-08-27
24.52,1.76,2019-08-28
25.57,1.44,2019-08-29
25.55,1.67,2019-08-30
25.52,2.29,2019-08-31
25.02,2.0,2019-09-01
25.45,1.93,2019-09-02
25.66,1.64,2019-09-03
24.94,2.04,2019-09-04
25.46,1.91,2019-09-05
25.17,1.8,2019-09-06
25.08,1.77,2019-09-07
25.01,1.56,2019-09-08
25.22,1.79,2019-09-09
25.68,1.94,2019-09-10
25.29,1.98,2019-09-11
25.27,1.72,2019-09-12
25.08,1.54,2019-09-13
25.48,1.59,2019-09-14
25.42,1.7,2019-09-15
25.55,1.5,2019-09-16
25.37,1.95,2019-09-17
25.69,1.91,2019-09-18
25.08,1.5,2019-09-19
25.58,1.34,2019-09-20
25.81,1.57,2019-09-21
25.5,1.58,2019-09-22
25.78,1.55,2019-09-23
25.48,1.56,2019-09-24
25.56,1.73,2019-09-25
25.54,1.63,2019-09-26
24.99,1.45,2019-09-27
25.26,1.82,2019-09-28
25.47,1.63,2019-09-29
25.29,1.8,2019-09-30
25.22,1.72,2019-10-01
25.12,1.11,2019-10-02
24.95,1.59,2019-10-03
24.73,1.69,2019-10-04
25.16,1.39,2019-10-05
25.9,1.25,2019-10-06
25.31,2.11,2019-10-07
24.85,1.75,2019-10-08
25.5,1.85,2019-10-09
25.58,1.71,2019-10-10
25.47,1.84,2019-10-11
24.8,1.88,2019-10-12
25.65,1.55,2019-10-13
25.85,1.73,2019-10-14
25.97,1.6,2019-10-15
24.92,1.49,2019-10-16
25.76,1.47,2019-10-17
25.12,1.76,2019-10-18
25.32,1.98,2019-10-19
25.53,1.33,2019-10-20
25.78,0.93,2019-10-21
26.23,1.53,2019-10-22
25.75,1.59,2019-10-23
25.95,1.2,2019-10-24
25.97,1.33,2019-10-25
25.74,1.57,2019-10-26
25.59,1.62,2019-10-27
25.51,1.09,2019-10-28
25.37,1.44,2019-10-29
25.69,1.55,2019-10-30
25.74,1.23,2019-10-31
26.23,1.27,2019-11-01
25.37,1.12,2019-11-02
25.87,1.15,2019-11-03
26.33,1.4,2019-11-04
26.63,1.5,2019-11-05
26.79,1.38,2019-11-06
26.74,1.48,2019-11-07
27.24,1.28,2019-11-08
27.1,1.36,2019-11-09
26.51,1.41,2019-11-10
26.75,1.38,2019-11-11
26.44,1.59,2019-11-12
26.36,1.02,2019-11-13
26.95,1.14,2019-11-14
26.72,1.38,2019-11-15
26.96,1.45,2019-11-16
27.13,1.56,2019-11-17
27.42,1.34,2019-11-18
27.31,1.55,2019-11-19
26.94,1.73,2019-11-20
26.56,1.81,2019-11-21
26.69,1.21,2019-11-22
26.58,1.29,2019-11-23
27.29,1.48,2019-11-24
26.97,1.43,2019-11-25
27.39,1.47,2019-11-26
26.99,1.32,2019-11-27
26.98,1.27,2019-11-28
27.58,0.95,2019-11-29
27.06,1.27,2019-11-30
27.08,1.49,2019-12-01
26.66,1.59,2019-12-02
27.14,1.64,2019-12-03
27.23,1.2,2019-12-04
26.65,1.3,2019-12-05
26.87,1.37,2019-12-06
27.07,1.12,2019-12-07
27.21,1.16,2019-12-08
27.16,1.45,2019-12-09
27.23,1.49,2019-12-10
26.68,1.2,2019-12-11
26.8,1.16,2019-12-12
27.03,0.81,2019-12-13
26.81,0.95,2019-12-14
26.79,0.91,2019-12-15
26.44,0.98,2019-12-16
27.33,0.91,2019-12-17
26.96,1.4,2019-12-18
27.4,1.16,2019-12-19
27.16,1.16,2019-12-20
27.52,0.76,2019-12-21
26.74,0.91,2019-12-22
25.37,1.1,2019-12-23
25.17,1.09,2019-12-24
25.97,1.17,2019-12-25
25.58,1.21,2019-12-26
25.95,1.09,2019-12-27
25.79,1.16,2019-12-28
25.43,1.1,2019-12-29
24.8,1.0,2019-12-30
25.46,0.8,2019-12-31
24.96,1.27,2020-01-01
23.64,1.89,2020-01-02
22.73,2.08,2020-01-03
22.73,1.84,2020-01-04
23.68,1.62,2020-01-05
24.91,1.22,2020-01-06
25.28,1.18,2020-01-07
25.77,0.83,2020-01-08
25.02,1.08,2020-01-09
25.46,1.12,2020-01-10
26.05,1.6,2020-01-11
26.41,1.33,2020-01-12
27.05,1.56,2020-01-13
27.07,1.56,2020-01-14
26.9,1.73,2020-01-15
26.63,1.45,2020-01-16
26.37,1.34,2020-01-17
25.84,1.34,2020-01-18
25.58,1.21,2020-01-19
24.87,1.14,2020-01-20
25.98,1.12,2020-01-21
26.09,1.21,2020-01-22
25.8,1.5,2020-01-23
22.53,2.05,2020-01-24
21.74,1.7,2020-01-25
22.04,1.63,2020-01-26
23.87,1.27,2020-01-27
25.05,1.07,2020-01-28
24.53,1.4,2020-01-29
24.99,1.38,2020-01-30
25.61,1.2,2020-01-31
25.35,1.2,2020-02-01
24.38,1.32,2020-02-02
25.16,1.3,2020-02-03
26.44,1.48,2020-02-04
26.66,1.32,2020-02-05
27.08,0.95,2020-02-06
25.65,1.41,2020-02-07
25.73,1.46,2020-02-08
26.65,1.42,2020-02-09
27.37,1.35,2020-02-10
25.59,1.38,2020-02-11
24.5,1.69,2020-02-12
24.8,1.47,2020-02-13
24.82,1.51,2020-02-14
25.19,1.35,2020-02-15
26.62,1.61,2020-02-16
27.11,1.88,2020-02-17
27.31,1.89,2020-02-18
26.87,1.45,2020-02-19
27.73,1.35,2020-02-20
27.74,1.33,2020-02-21
28.05,1.89,2020-02-22
28.14,1.63,2020-02-23
27.72,1.51,2020-02-24
27.65,1.36,2020-02-25
27.44,1.21,2020-02-26
27.52,1.48,2020-02-27
28.08,1.53,2020-02-28
27.72,1.77,2020-02-29
28.03,2.2,2020-03-01
28.03,1.97,2020-03-02
27.7,1.34,2020-03-03
27.41,1.48,2020-03-04
27.28,1.59,2020-03-05
27.26,1.91,2020-03-06
27.33,1.94,2020-03-07
27.87,2.02,2020-03-08
27.66,2.09,2020-03-09
27.64,2.01,2020-03-10
27.55,1.9,2020-03-11
27.53,1.64,2020-03-12
27.7,1.52,2020-03-13
27.73,1.34,2020-03-14
27.82,1.75,2020-03-15
27.99,1.77,2020-03-16
27.77,1.63,2020-03-17
27.9,1.89,2020-03-18
27.69,2.3,2020-03-19
27.73,2.19,2020-03-20
27.74,1.84,2020-03-21
27.25,1.77,2020-03-22
26.9,1.98,2020-03-23
26.15,1.65,2020-03-24
25.97,1.78,2020-03-25
26.6,1.43,2020-03-26
27.01,1.65,2020-03-27
27.33,1.76,2020-03-28
26.99,1.82,2020-03-29
27.16,2.2,2020-03-30
27.16,1.65,2020-03-31
26.92,1.84,2020-04-01
27.18,1.7,2020-04-02
27.13,1.77,2020-04-03
26.87,1.88,2020-04-04
27.75,1.14,2020-04-05
27.15,1.86,2020-04-06
27.17,1.34,2020-04-07
26.76,1.62,2020-04-08
26.77,1.51,2020-04-09
27.19,0.95,2020-04-10
26.18,1.04,2020-04-11
27.65,1.6,2020-04-12
27.77,1.84,2020-04-13
27.94,1.7,2020-04-14
28.13,1.76,2020-04-15
28.3,1.74,2020-04-16
28.15,2.19,2020-04-17
27.72,2.04,2020-04-18
27.08,2.21,2020-04-19
26.86,1.85,2020-04-20
27.48,1.59,2020-04-21
27.15,1.8,2020-04-22
27.14,1.69,2020-04-23
27.02,1.64,2020-04-24
26.9,2.38,2020-04-25
25.89,2.02,2020-04-26
26.59,1.48,2020-04-27
26.98,1.44,2020-04-28
26.98,1.75,2020-04-29
27.12,1.66,2020-04-30
27.05,1.51,2020-05-01
27.14,1.52,2020-05-02
26.87,1.71,2020-05-03
27.06,1.08,2020-05-04
27.54,1.5,2020-05-05
27.66,1.73,2020-05-06
27.67,1.77,2020-05-07
27.56,1.63,2020-05-08
27.66,1.84,2020-05-09
26.54,2.06,2020-05-10
25.84,1.36,2020-05-11
26.88,1.34,2020-05-12
26.9,1.31,2020-05-13
26.92,1.43,2020-05-14
27.02,1.41,2020-05-15
26.94,1.55,2020-05-16
26.99,1.34,2020-05-17
27.45,1.7,2020-05-18
26.37,2.38,2020-05-19
26.76,1.77,2020-05-20
26.95,1.89,2020-05-21
26.89,1.67,2020-05-22
26.97,1.55,2020-05-23
26.99,1.64,2020-05-24
26.38,1.48,2020-05-25
26.48,1.1,2020-05-26
26.94,1.45,2020-05-27
26.7,1.51,2020-05-28
26.4,1.05,2020-05-29
25.4,1.45,2020-05-30
26.03,1.5,2020-05-31
26.01,1.85,2020-06-01
26.19,1.69,2020-06-02
26.49,1.48,2020-06-03
26.42,1.61,2020-06-04
26.45,1.41,2020-06-05
26.32,1.59,2020-06-06
25.82,1.58,2020-06-07
25.95,1.91,2020-06-08
25.63,1.94,2020-06-09
25.61,1.66,2020-06-10
26.07,1.96,2020-06-11
25.23,1.93,2020-06-12
25.9,1.46,2020-06-13
26.18,1.86,2020-06-14
26.73,1.7,2020-06-15
26.68,1.74,2020-06-16
26.1,2.01,2020-06-17
25.69,1.73,2020-06-18
25.5,1.58,2020-06-19
25.33,1.91,2020-06-20
25.6,1.89,2020-06-21
25.37,1.79,2020-06-22
25.73,1.3,2020-06-23
26.26,1.71,2020-06-24
25.94,1.87,2020-06-25
25.77,2.04,2020-06-26
25.33,1.96,2020-06-27
25.03,1.94,2020-06-28
25.05,2.09,2020-06-29
24.65,1.93,2020-06-30
25.35,1.59,2020-07-01
25.69,1.85,2020-07-02
25.44,2.17,2020-07-03
25.11,2.34,2020-07-04
25.05,1.8,2020-07-05
24.93,1.9,2020-07-06
25.2,2.08,2020-07-07
24.82,1.94,2020-07-08
25.15,1.92,2020-07-09
24.77,2.54,2020-07-10
24.26,2.05,2020-07-11
24.83,2.03,2020-07-12
24.83,2.21,2020-07-13
24.92,2.3,2020-07-14
24.9,2.01,2020-07-15
24.44,2.02,2020-07-16
24.19,1.84,2020-07-17
24.28,1.74,2020-07-18
24.28,1.78,2020-07-19
24.68,1.88,2020-07-20
24.83,1.61,2020-07-21
24.48,1.76,2020-07-22
24.76,1.97,2020-07-23
24.94,2.24,2020-07-24
25.08,2.34,2020-07-25
24.81,2.49,2020-07-26
24.55,2.52,2020-07-27
24.48,2.37,2020-07-28
24.57,2.13,2020-07-29
24.57,2.27,2020-07-30
24.14,2.23,2020-07-31
24.64,2.04,2020-08-01
24.61,2.3,2020-08-02
24.3,2.41,2020-08-03
24.41,2.25,2020-08-04
23.87,2.42,2020-08-05
23.48,2.75,2020-08-06
23.24,2.38,2020-08-07
23.66,1.91,2020-08-08
23.65,2.12,2020-08-09
23.71,2.3,2020-08-10
23.96,2.09,2020-08-11
24.18,1.8,2020-08-12
24.38,2.06,2020-08-13
23.73,2.38,2020-08-14
24.47,2.11,2020-08-15
24.64,1.98,2020-08-16
24.69,2.23,2020-08-17
24.92,2.16,2020-08-18
24.9,2.27,2020-08-19
24.33,2.41,2020-08-20
24.62,2.27,2020-08-21
24.77,2.12,2020-08-22
24.69,1.96,2020-08-23
24.02,1.81,2020-08-24
24.32,1.78,2020-08-25
24.68,1.72,2020-08-26
24.79,2.02,2020-08-27
24.86,2.34,2020-08-28
24.23,1.73,2020-08-29
24.54,1.85,2020-08-30
25.01,2.23,2020-08-31
24.18,1.99,2020-09-01
24.97,2.05,2020-09-02
25.41,2.06,2020-09-03
25.01,2.32,2020-09-04
24.79,2.44,2020-09-05
24.86,1.93,2020-09-06
25.55,1.95,2020-09-07
25.0,2.01,2020-09-08
24.5,2.19,2020-09-09
25.01,1.83,2020-09-10
24.9,1.7,2020-09-11
25.15,1.88,2020-09-12
24.9,1.36,2020-09-13
24.81,1.67,2020-09-14
25.04,2.05,2020-09-15
24.73,2.64,2020-09-16
25.1,1.94,2020-09-17
25.73,1.55,2020-09-18
24.97,2.08,2020-09-19
24.73,1.57,2020-09-20
25.26,1.71,2020-09-21
25.1,1.88,2020-09-22
25.21,1.96,2020-09-23
25.01,1.31,2020-09-24
25.06,1.44,2020-09-25
24.91,1.76,2020-09-26
24.61,1.66,2020-09-27
25.37,1.84,2020-09-28
25.23,1.77,2020-09-29
24.83,1.75,2020-09-30
25.27,2.0,2020-10-01
25.46,1.62,2020-10-02
25.71,1.45,2020-10-03
25.97,1.52,2020-10-04
25.58,1.34,2020-10-05
25.23,1.62,2020-10-06
25.35,1.59,2020-10-07
24.98,1.64,2020-10-08
25.3,1.27,2020-10-09
25.68,1.41,2020-10-10
25.31,1.7,2020-10-11
25.55,1.53,2020-10-12
25.66,1.96,2020-10-13
25.25,1.65,2020-10-14
25.94,1.69,2020-10-15
25.47,1.76,2020-10-16
25.54,1.45,2020-10-17
26.09,1.37,2020-10-18
26.04,1.57,2020-10-19
25.71,1.62,2020-10-20
25.93,1.52,2020-10-21
26.56,1.62,2020-10-22
26.44,1.77,2020-10-23
26.25,1.64,2020-10-24
26.26,1.38,2020-10-25
26.4,1.54,2020-10-26
25.69,1.67,2020-10-27
26.58,1.4,2020-10-28
26.1,1.46,2020-10-29
26.8,1.17,2020-10-30
26.94,1.43,2020-10-31
26.77,1.6,2020-11-01
26.45,1.27,2020-11-02
26.36,1.12,2020-11-03
26.6,1.21,2020-11-04
26.66,1.11,2020-11-05
27.25,1.27,2020-11-06
26.3,1.7,2020-11-07
26.78,1.36,2020-11-08
26.19,1.29,2020-11-09
26.05,1.34,2020-11-10
26.34,0.97,2020-11-11
26.71,1.05,2020-11-12
26.34,0.52,2020-11-13
25.64,0.92,2020-11-14
26.46,1.24,2020-11-15
26.46,1.31,2020-11-16
26.67,1.31,2020-11-17
27.14,1.09,2020-11-18
26.25,1.28,2020-11-19
26.49,1.17,2020-11-20
26.98,1.23,2020-11-21
27.12,1.19,2020-11-22
27.1,1.39,2020-11-23
27.09,1.56,2020-11-24
27.24,1.58,2020-11-25
26.86,1.97,2020-11-26
26.56,1.83,2020-11-27
26.77,1.34,2020-11-28
27.06,1.09,2020-11-29
27.33,1.35,2020-11-30
27.19,1.49,2020-12-01
27.03,1.63,2020-12-02
27.04,1.69,2020-12-03
27.12,1.63,2020-12-04
26.91,1.63,2020-12-05
27.15,1.58,2020-12-06
25.95,1.62,2020-12-07
26.03,1.46,2020-12-08
26.37,1.62,2020-12-09
26.48,1.66,2020-12-10
26.62,1.72,2020-12-11
26.35,1.82,2020-12-12
26.67,1.71,2020-12-13
26.69,1.65,2020-12-14
26.33,1.6,2020-12-15
26.99,1.33,2020-12-16
26.87,1.74,2020-12-17
26.45,1.71,2020-12-18
26.73,1.6,2020-12-19
26.59,1.34,2020-12-20
26.33,1.33,2020-12-21
26.49,1.11,2020-12-22
26.23,1.38,2020-12-23
26.76,1.52,2020-12-24
27.33,1.09,2020-12-25
25.29,1.4,2020-12-26
26.21,1.38,2020-12-27
25.85,1.39,2020-12-28
25.73,1.45,2020-12-29
25.93,1.45,2020-12-30
26.64,1.52,2020-12-31
26.85,1.51,2021-01-01
26.73,1.48,2021-01-02
27.04,1.44,2021-01-03
26.83,1.52,2021-01-04
26.85,1.84,2021-01-05
26.66,1.66,2021-01-06
26.66,1.69,2021-01-07
26.97,1.7,2021-01-08
27.05,1.69,2021-01-09
27.21,1.68,2021-01-10
27.24,1.67,2021-01-11
27.21,1.8,2021-01-12
26.72,1.87,2021-01-13
26.87,1.83,2021-01-14
26.97,1.59,2021-01-15
26.45,1.46,2021-01-16
26.64,1.41,2021-01-17
27.03,1.59,2021-01-18
26.97,1.53,2021-01-19
26.5,1.24,2021-01-20
25.25,1.47,2021-01-21
25.12,1.08,2021-01-22
25.76,1.27,2021-01-23
24.69,1.44,2021-01-24
26.05,1.38,2021-01-25
26.73,1.57,2021-01-26
26.3,1.72,2021-01-27
26.39,1.61,2021-01-28
27.04,1.5,2021-01-29
27.27,1.48,2021-01-30
26.38,1.66,2021-01-31
27.28,1.76,2021-02-01
27.34,1.62,2021-02-02
27.32,1.61,2021-02-03
27.2,1.49,2021-02-04
26.94,1.25,2021-02-05
27.04,1.52,2021-02-06
27.23,1.73,2021-02-07
27.56,1.84,2021-02-08
28.01,1.84,2021-02-09
28.19,1.88,2021-02-10
27.86,1.76,2021-02-11
27.56,1.9,2021-02-12
27.62,1.77,2021-02-13
27.83,1.98,2021-02-14
27.51,1.73,2021-02-15
27.29,1.59,2021-02-16
26.59,1.45,2021-02-17
25.2,1.61,2021-02-18
24.39,1.62,2021-02-19
24.84,1.41,2021-02-20
25.55,1.27,2021-02-21
25.62,1.44,2021-02-22
26.96,1.44,2021-02-23
26.55,1.48,2021-02-24
26.74,1.98,2021-02-25
27.11,1.66,2021-02-26
26.87,1.62,2021-02-27
26.89,1.48,2021-02-28
27.59,1.77,2021-03-01
27.37,1.34,2021-03-02
27.58,1.62,2021-03-03
27.58,1.73,2021-03-04
27.48,1.97,2021-03-05
27.86,1.99,2021-03-06
28.06,1.98,2021-03-07
27.58,1.86,2021-03-08
27.29,2.14,2021-03-09
27.07,2.18,2021-03-10
27.02,2.16,2021-03-11
26.82,1.73,2021-03-12
26.46,1.85,2021-03-13
25.87,2.17,2021-03-14
26.62,2.01,2021-03-15
26.62,2.08,2021-03-16
26.26,2.2,2021-03-17
26.26,1.41,2021-03-18
26.19,1.37,2021-03-19
26.28,1.66,2021-03-20
26.49,1.88,2021-03-21
26.55,2.12,2021-03-22
26.4,1.9,2021-03-23
26.17,1.89,2021-03-24
26.32,1.96,2021-03-25
27.31,1.23,2021-03-26
27.34,1.75,2021-03-27
27.64,1.3,2021-03-28
27.58,1.52,2021-03-29
27.55,1.4,2021-03-30
27.48,1.62,2021-03-31
27.77,1.46,2021-04-01
27.34,1.59,2021-04-02
27.51,1.64,2021-04-03
27.67,1.61,2021-04-04
27.82,1.86,2021-04-05
27.48,1.88,2021-04-06
27.38,1.77,2021-04-07
27.37,1.73,2021-04-08
26.99,1.76,2021-04-09
27.24,1.7,2021-04-10
27.23,1.84,2021-04-11
26.94,1.23,2021-04-12
26.83,1.64,2021-04-13
27.05,1.91,2021-04-14
26.98,1.39,2021-04-15
26.87,2.03,2021-04-16
26.67,1.84,2021-04-17
26.35,0.86,2021-04-18
26.54,1.56,2021-04-19
26.93,1.68,2021-04-20
27.3,1.65,2021-04-21
27.05,1.38,2021-04-22
27.09,1.71,2021-04-23
26.75,2.04,2021-04-24
26.95,1.57,2021-04-25
27.47,1.59,2021-04-26
27.43,1.73,2021-04-27
27.24,1.38,2021-04-28
27.4,1.75,2021-04-29
27.42,1.62,2021-04-30
27.35,1.62,2021-05-01
27.44,1.78,2021-05-02
26.9,1.7,2021-05-03
26.8,1.73,2021-05-04
26.76,1.88,2021-05-05
26.21,2.03,2021-05-06
26.16,1.83,2021-05-07
25.69,1.56,2021-05-08
25.1,1.11,2021-05-09
26.2,1.27,2021-05-10
27.2,1.79,2021-05-11
26.65,1.77,2021-05-12
26.75,1.62,2021-05-13
26.92,1.3,2021-05-14
26.87,1.43,2021-05-15
26.55,1.55,2021-05-16
26.65,1.51,2021-05-17
26.83,1.55,2021-05-18
27.01,1.66,2021-05-19
26.94,1.78,2021-05-20
26.97,1.79,2021-05-21
26.21,1.42,2021-05-22
26.77,1.28,2021-05-23
27.28,1.59,2021-05-24
27.11,1.66,2021-05-25
26.96,1.83,2021-05-26
27.2,1.8,2021-05-27
27.02,1.45,2021-05-28
26.85,1.43,2021-05-29
27.08,1.56,2021-05-30
26.75,1.79,2021-05-31
26.86,1.53,2021-06-01
26.91,1.25,2021-06-02
26.87,1.54,2021-06-03
26.62,1.8,2021-06-04
26.24,1.31,2021-06-05
26.04,1.34,2021-06-06
26.7,1.19,2021-06-07
26.6,1.43,2021-06-08
26.05,1.37,2021-06-09
26.58,1.18,2021-06-10
26.27,1.63,2021-06-11
26.19,1.15,2021-06-12
26.46,1.29,2021-06-13
26.88,1.67,2021-06-14
26.3,1.96,2021-06-15
26.28,1.79,2021-06-16
25.73,1.6,2021-06-17
25.77,1.61,2021-06-18
26.08,1.63,2021-06-19
25.55,1.84,2021-06-20
25.79,1.98,2021-06-21
25.19,1.89,2021-06-22
24.65,1.63,2021-06-23
25.68,1.33,2021-06-24
25.65,1.55,2021-06-25
25.5,1.73,2021-06-26
25.61,1.48,2021-06-27
25.11,1.67,2021-06-28
24.89,1.47,2021-06-29
25.8,1.7,2021-06-30
25.97,1.77,2021-07-01
25.44,1.84,2021-07-02
25.11,1.7,2021-07-03
24.69,1.29,2021-07-04
25.23,1.94,2021-07-05
25.4,1.88,2021-07-06
25.64,2.02,2021-07-07
25.51,2.16,2021-07-08
25.19,1.97,2021-07-09
25.39,1.85,2021-07-10
25.58,1.93,2021-07-11
25.65,2.02,2021-07-12
25.75,2.11,2021-07-13
25.59,2.15,2021-07-14
25.24,2.28,2021-07-15
25.03,2.77,2021-07-16
25.38,1.86,2021-07-17
25.29,1.85,2021-07-18
25.11,2.21,2021-07-19
25.42,2.19,2021-07-20
25.52,2.24,2021-07-21
25.13,2.02,2021-07-22
25.2,2.03,2021-07-23
25.13,2.11,2021-07-24
24.98,2.27,2021-07-25
24.43,2.23,2021-07-26
24.51,2.32,2021-07-27
24.8,1.96,2021-07-28
25.06,1.88,2021-07-29
25.05,2.11,2021-07-30
25.33,2.12,2021-07-31
25.11,1.82,2021-08-01
25.19,1.9,2021-08-02
25.25,2.02,2021-08-03
25.43,2.22,2021-08-04
24.9,1.77,2021-08-05
25.23,1.86,2021-08-06
24.89,2.28,2021-08-07
24.62,2.23,2021-08-08
25.08,1.87,2021-08-09
25.17,1.9,2021-08-10
25.0,2.12,2021-08-11
24.89,2.07,2021-08-12
25.12,2.03,2021-08-13
25.32,2.06,2021-08-14
24.98,2.12,2021-08-15
25.08,2.12,2021-08-16
25.12,1.71,2021-08-17
24.92,1.65,2021-08-18
24.68,1.87,2021-08-19
24.57,1.97,2021-08-20
24.37,1.67,2021-08-21
25.18,1.44,2021-08-22
25.37,1.54,2021-08-23
25.65,2.22,2021-08-24
25.75,1.9,2021-08-25
25.24,1.84,2021-08-26
25.59,1.74,2021-08-27
25.67,1.84,2021-08-28
25.81,2.26,2021-08-29
25.36,1.7,2021-08-30
25.87,1.4,2021-08-31
25.38,2.09,2021-09-01
25.51,1.66,2021-09-02
25.21,2.07,2021-09-03
25.23,1.98,2021-09-04
25.04,1.98,2021-09-05
25.0,1.48,2021-09-06
25.37,1.51,2021-09-07
25.39,1.7,2021-09-08
26.05,1.34,2021-09-09
25.83,1.67,2021-09-10
25.42,1.7,2021-09-11
25.64,1.99,2021-09-12
24.85,1.77,2021-09-13
25.02,1.77,2021-09-14
25.36,1.53,2021-09-15
25.73,1.55,2021-09-16
25.51,1.52,2021-09-17
25.3,1.75,2021-09-18
25.84,1.88,2021-09-19
25.51,1.66,2021-09-20
25.38,2.02,2021-09-21
25.39,1.31,2021-09-22
25.86,1.33,2021-09-23
25.45,1.53,2021-09-24
24.78,1.57,2021-09-25
25.22,1.34,2021-09-26
25.65,1.38,2021-09-27
25.76,1.64,2021-09-28
25.72,1.6,2021-09-29
25.69,1.52,2021-09-30
25.36,1.64,2021-10-01
26.09,1.75,2021-10-02
25.98,1.73,2021-10-03
26.55,1.52,2021-10-04
26.47,1.67,2021-10-05
25.65,1.7,2021-10-06
26.23,1.2,2021-10-07
26.71,1.66,2021-10-08
26.0,1.85,2021-10-09
26.0,1.79,2021-10-10
26.3,1.58,2021-10-11
26.08,1.66,2021-10-12
26.29,1.67,2021-10-13
25.99,1.91,2021-10-14
26.48,1.71,2021-10-15
26.43,1.98,2021-10-16
25.92,1.91,2021-10-17
25.87,1.55,2021-10-18
26.08,1.77,2021-10-19
25.96,1.46,2021-10-20
26.69,1.65,2021-10-21
26.0,1.91,2021-10-22
25.4,1.43,2021-10-23
26.87,0.88,2021-10-24
26.82,1.76,2021-10-25
26.06,1.62,2021-10-26
26.15,1.56,2021-10-27
25.8,1.36,2021-10-28
26.65,1.14,2021-10-29
26.21,1.84,2021-10-30
26.31,1.82,2021-10-31
26.45,1.83,2021-11-01
25.96,1.62,2021-11-02
26.39,1.42,2021-11-03
26.15,1.38,2021-11-04
26.14,1.25,2021-11-05
26.48,1.53,2021-11-06
26.08,1.37,2021-11-07
26.34,1.53,2021-11-08
25.92,1.5,2021-11-09
26.65,1.69,2021-11-10
26.37,1.64,2021-11-11
26.37,1.66,2021-11-12
26.8,1.51,2021-11-13
26.85,1.63,2021-11-14
27.0,1.79,2021-11-15
26.59,1.72,2021-11-16
26.73,1.44,2021-11-17
26.92,1.39,2021-11-18
26.89,1.82,2021-11-19
26.89,1.51,2021-11-20
26.89,1.45,2021-11-21
26.56,1.61,2021-11-22
26.48,1.62,2021-11-23
27.13,1.41,2021-11-24
27.08,1.56,2021-11-25
26.92,1.44,2021-11-26
26.76,1.59,2021-11-27
27.25,1.62,2021-11-28
26.62,1.91,2021-11-29
27.33,1.4,2021-11-30
26.84,1.38,2021-12-01
27.19,1.62,2021-12-02
26.82,1.73,2021-12-03
27.65,1.2,2021-12-04
26.82,1.54,2021-12-05
26.22,1.48,2021-12-06
27.37,1.24,2021-12-07
26.92,0.91,2021-12-08
28.13,0.75,2021-12-09
26.98,0.98,2021-12-10
27.11,1.33,2021-12-11
26.84,1.28,2021-12-12
27.33,1.47,2021-12-13
27.58,1.48,2021-12-14
27.48,1.39,2021-12-15
26.77,1.19,2021-12-16
25.96,1.28,2021-12-17
24.51,1.57,2021-12-18
24.55,1.4,2021-12-19
24.03,1.55,2021-12-20
24.39,1.6,2021-12-21
25.53,1.21,2021-12-22
25.44,1.05,2021-12-23
25.65,1.2,2021-12-24
26.48,1.15,2021-12-25
27.07,1.12,2021-12-26
27.05,1.3,2021-12-27
26.1,1.23,2021-12-28
24.87,1.18,2021-12-29
25.8,1.15,2021-12-30
26.53,1.14,2021-12-31
26.87,1.45,2022-01-01
26.82,0.88,2022-01-02
26.62,1.05,2022-01-03
25.15,1.24,2022-01-04
24.55,1.53,2022-01-05
25.13,1.3,2022-01-06
26.47,1.27,2022-01-07
26.85,1.55,2022-01-08
26.4,1.58,2022-01-09
26.22,1.43,2022-01-10
27.04,1.41,2022-01-11
26.82,1.5,2022-01-12
26.48,1.48,2022-01-13
25.99,1.32,2022-01-14
26.25,1.65,2022-01-15
26.04,1.89,2022-01-16
26.41,1.56,2022-01-17
24.12,1.84,2022-01-18
23.39,1.6,2022-01-19
23.69,1.89,2022-01-20
23.55,1.77,2022-01-21
23.73,1.48,2022-01-22
24.52,1.24,2022-01-23
24.97,0.96,2022-01-24
23.95,1.44,2022-01-25
23.9,1.12,2022-01-26
24.13,1.33,2022-01-27
24.74,1.3,2022-01-28
24.1,1.48,2022-01-29
22.45,1.8,2022-01-30
21.83,2.02,2022-01-31
22.35,1.82,2022-02-01
23.46,1.27,2022-02-02
24.25,1.31,2022-02-03
25.08,1.13,2022-02-04
24.87,1.33,2022-02-05
23.92,1.45,2022-02-06
24.73,1.19,2022-02-07
25.74,1.4,2022-02-08
26.8,1.48,2022-02-09
26.8,1.4,2022-02-10
26.89,1.35,2022-02-11
26.78,1.44,2022-02-12
27.19,1.67,2022-02-13
27.11,1.72,2022-02-14
27.3,1.86,2022-02-15
26.93,1.87,2022-02-16
26.87,1.92,2022-02-17
27.51,1.98,2022-02-18
27.35,1.95,2022-02-19
27.64,1.48,2022-02-20
27.63,1.37,2022-02-21
27.52,1.7,2022-02-22
27.73,1.94,2022-02-23
27.81,1.79,2022-02-24
27.3,1.48,2022-02-25
27.53,1.66,2022-02-26
27.39,1.69,2022-02-27
27.48,2.15,2022-02-28
27.72,2.04,2022-03-01
27.1,2.07,2022-03-02
27.11,1.98,2022-03-03
26.62,2.33,2022-03-04
27.0,2.07,2022-03-05
26.85,1.95,2022-03-06
27.05,1.8,2022-03-07
27.37,1.88,2022-03-08
27.53,2.0,2022-03-09
27.48,1.13,2022-03-10
27.5,1.72,2022-03-11
27.06,1.83,2022-03-12
27.15,1.61,2022-03-13
27.37,1.68,2022-03-14
27.41,1.88,2022-03-15
27.55,1.79,2022-03-16
27.45,1.68,2022-03-17
27.94,1.7,2022-03-18
27.46,1.85,2022-03-19
27.61,1.97,2022-03-20
27.2,1.93,2022-03-21
27.33,1.97,2022-03-22
27.7,1.91,2022-03-23
27.52,1.63,2022-03-24
27.35,1.66,2022-03-25
27.65,1.69,2022-03-26
28.36,1.53,2022-03-27
27.96,1.77,2022-03-28
27.76,2.05,2022-03-29
27.79,1.8,2022-03-30
27.84,1.86,2022-03-31
27.4,2.12,2022-04-01
26.82,1.95,2022-04-02
27.32,2.1,2022-04-03
26.88,1.97,2022-04-04
27.36,1.84,2022-04-05
27.16,1.42,2022-04-06
26.88,1.77,2022-04-07
27.34,2.06,2022-04-08
26.47,1.8,2022-04-09
26.73,1.14,2022-04-10
27.02,1.76,2022-04-11
26.84,1.31,2022-04-12
26.18,1.7,2022-04-13
26.55,1.68,2022-04-14
25.86,1.38,2022-04-15
26.91,1.67,2022-04-16
26.75,1.73,2022-04-17
26.24,0.98,2022-04-18
26.58,1.65,2022-04-19
26.62,1.45,2022-04-20
26.58,1.7,2022-04-21
27.12,1.79,2022-04-22
26.97,1.82,2022-04-23
26.68,1.72,2022-04-24
26.65,1.54,2022-04-25
26.77,1.69,2022-04-26
26.15,2.12,2022-04-27
26.16,1.29,2022-04-28
26.2,0.79,2022-04-29
26.3,1.19,2022-04-30
26.73,1.61,2022-05-01
26.56,1.7,2022-05-02
26.92,1.41,2022-05-03
26.59,1.47,2022-05-04
26.73,1.2,2022-05-05
26.21,1.29,2022-05-06
26.44,1.45,2022-05-07
26.82,1.54,2022-05-08
26.7,1.59,2022-05-09
27.12,1.34,2022-05-10
27.32,1.3,2022-05-11
26.85,1.59,2022-05-12
27.3,1.48,2022-05-13
27.11,1.55,2022-05-14
27.03,1.55,2022-05-15
27.11,1.34,2022-05-16
26.75,1.3,2022-05-17
26.7,1.56,2022-05-18
26.34,1.68,2022-05-19
27.14,1.34,2022-05-20
26.11,1.62,2022-05-21
25.72,1.35,2022-05-22
25.42,1.7,2022-05-23
25.91,1.59,2022-05-24
26.33,1.84,2022-05-25
25.74,1.93,2022-05-26
25.63,1.55,2022-05-27
26.23,1.34,2022-05-28
26.61,1.71,2022-05-29
26.76,1.68,2022-05-30
26.23,1.31,2022-05-31
26.48,1.21,2022-06-01
26.81,1.64,2022-06-02
26.79,1.48,2022-06-03
26.12,1.57,2022-06-04
25.76,1.2,2022-06-05
25.87,1.15,2022-06-06
26.05,1.64,2022-06-07
25.87,1.79,2022-06-08
25.87,1.78,2022-06-09
25.98,1.6,2022-06-10
25.39,2.05,2022-06-11
25.9,1.4,2022-06-12
26.36,1.8,2022-06-13
26.5,2.04,2022-06-14
25.9,1.93,2022-06-15
25.3,1.91,2022-06-16
24.74,1.55,2022-06-17
25.06,1.74,2022-06-18
25.44,1.79,2022-06-19
25.42,1.8,2022-06-20
24.94,1.73,2022-06-21
24.74,1.4,2022-06-22
25.09,1.49,2022-06-23
25.64,1.65,2022-06-24
25.4,1.81,2022-06-25
25.51,1.49,2022-06-26
25.82,1.11,2022-06-27
25.8,1.65,2022-06-28
25.42,1.73,2022-06-29
25.03,1.65,2022-06-30
24.38,1.23,2022-07-01
25.3,1.75,2022-07-02
25.69,1.98,2022-07-03
25.21,2.0,2022-07-04
25.03,1.97,2022-07-05
25.99,1.67,2022-07-06
25.9,1.98,2022-07-07
25.4,2.2,2022-07-08
25.07,2.0,2022-07-09
25.12,2.15,2022-07-10
25.13,2.33,2022-07-11
25.26,2.05,2022-07-12
25.19,2.09,2022-07-13
24.93,1.89,2022-07-14
25.07,2.1,2022-07-15
25.23,2.28,2022-07-16
25.45,2.05,2022-07-17
25.23,2.04,2022-07-18
24.95,2.15,2022-07-19
24.51,2.24,2022-07-20
24.69,2.15,2022-07-21
24.9,2.04,2022-07-22
24.77,2.06,2022-07-23
25.12,1.78,2022-07-24
25.02,2.02,2022-07-25
24.55,2.07,2022-07-26
24.85,2.21,2022-07-27
24.58,2.09,2022-07-28
24.9,2.05,2022-07-29
24.55,2.1,2022-07-30
24.37,2.35,2022-07-31
24.29,2.39,2022-08-01
24.21,1.91,2022-08-02
24.55,2.03,2022-08-03
24.44,2.1,2022-08-04
24.65,1.82,2022-08-05
24.57,1.95,2022-08-06
24.69,2.07,2022-08-07
24.62,2.21,2022-08-08
24.61,2.07,2022-08-09
24.76,2.23,2022-08-10
24.44,2.11,2022-08-11
24.64,2.35,2022-08-12
24.67,2.6,2022-08-13
24.36,3.17,2022-08-14
24.13,2.73,2022-08-15
24.44,2.03,2022-08-16
24.86,1.44,2022-08-17
24.91,1.99,2022-08-18
24.29,2.39,2022-08-19
24.56,2.23,2022-08-20
24.69,1.48,2022-08-21
24.44,2.16,2022-08-22
24.24,2.31,2022-08-23
24.57,1.88,2022-08-24
25.05,1.58,2022-08-25
24.65,2.6,2022-08-26
24.51,2.88,2022-08-27
24.78,1.78,2022-08-28
24.96,1.88,2022-08-29
24.67,2.59,2022-08-30
24.98,2.32,2022-08-31
24.88,1.93,2022-09-01
24.98,1.86,2022-09-02
25.26,1.88,2022-09-03
25.19,2.07,2022-09-04
25.14,1.78,2022-09-05
24.68,1.84,2022-09-06
25.03,2.08,2022-09-07
25.08,2.41,2022-09-08
25.01,2.13,2022-09-09
25.25,1.86,2022-09-10
24.94,2.04,2022-09-11
24.63,2.31,2022-09-12
25.23,1.8,2022-09-13
25.65,1.73,2022-09-14
24.92,1.87,2022-09-15
25.12,1.95,2022-09-16
24.63,1.57,2022-09-17
24.89,2.22,2022-09-18
25.03,2.5,2022-09-19
24.73,1.61,2022-09-20
25.42,1.73,2022-09-21
25.05,1.86,2022-09-22
25.23,1.44,2022-09-23
25.33,1.72,2022-09-24
24.95,1.9,2022-09-25
24.64,2.05,2022-09-26
24.73,1.85,2022-09-27
24.24,1.59,2022-09-28
24.66,1.3,2022-09-29
25.19,1.8,2022-09-30
25.05,1.8,2022-10-01
24.88,1.28,2022-10-02
25.46,1.67,2022-10-03
25.72,1.75,2022-10-04
25.76,1.72,2022-10-05
25.35,1.84,2022-10-06
25.11,1.87,2022-10-07
25.65,1.17,2022-10-08
25.4,1.24,2022-10-09
25.56,1.17,2022-10-10
25.75,1.11,2022-10-11
25.89,1.2,2022-10-12
25.86,1.48,2022-10-13
25.71,1.11,2022-10-14
25.4,1.55,2022-10-15
25.56,1.29,2022-10-16
26.32,1.12,2022-10-17
26.37,1.28,2022-10-18
25.8,1.69,2022-10-19
26.03,1.52,2022-10-20
26.43,1.31,2022-10-21
26.58,1.0,2022-10-22
26.77,1.27,2022-10-23
26.28,1.08,2022-10-24
25.8,1.28,2022-10-25
26.63,1.31,2022-10-26
27.17,1.27,2022-10-27
26.58,1.16,2022-10-28
26.46,1.27,2022-10-29
26.91,0.93,2022-10-30
27.01,0.98,2022-10-31
26.77,1.3,2022-11-01
26.4,1.41,2022-11-02
26.53,1.67,2022-11-03
26.76,1.35,2022-11-04
26.14,1.18,2022-11-05
26.94,1.12,2022-11-06
26.83,1.12,2022-11-07
27.3,1.3,2022-11-08
27.1,1.74,2022-11-09
26.76,1.86,2022-11-10
26.44,1.53,2022-11-11
26.26,1.48,2022-11-12
26.64,1.3,2022-11-13
26.82,1.12,2022-11-14
26.7,1.35,2022-11-15
25.85,1.66,2022-11-16
26.19,1.61,2022-11-17
26.94,1.31,2022-11-18
26.83,1.49,2022-11-19
26.19,1.18,2022-11-20
26.21,1.45,2022-11-21
26.73,1.36,2022-11-22
26.85,1.27,2022-11-23
26.68,1.13,2022-11-24
26.72,1.5,2022-11-25
26.6,1.77,2022-11-26
26.15,1.7,2022-11-27
26.4,1.72,2022-11-28
25.91,1.48,2022-11-29
26.56,0.91,2022-11-30
26.57,1.16,2022-12-01
26.36,1.16,2022-12-02
26.47,1.63,2022-12-03
26.69,1.48,2022-12-04
27.11,1.45,2022-12-05
26.54,1.59,2022-12-06
26.37,1.48,2022-12-07
26.99,1.35,2022-12-08
27.05,1.04,2022-12-09
26.79,1.12,2022-12-10
26.76,1.49,2022-12-11
26.46,1.55,2022-12-12
26.59,1.66,2022-12-13
26.61,1.51,2022-12-14
26.31,1.7,2022-12-15
26.15,1.53,2022-12-16
26.04,1.49,2022-12-17
25.99,1.27,2022-12-18
24.8,1.23,2022-12-19
25.76,1.11,2022-12-20
26.08,1.36,2022-12-21
25.98,1.59,2022-12-22
25.26,1.56,2022-12-23
24.13,1.48,2022-12-24
24.19,1.52,2022-12-25
24.47,1.61,2022-12-26
24.44,1.31,2022-12-27
24.22,1.62,2022-12-28
24.09,1.46,2022-12-29
24.44,1.45,2022-12-30
23.98,1.39,2022-12-31
24.46,1.12,2023-01-01
