 Observation period,Clear sky GHI
2013-01-02,725.6637
2013-01-03,720.2348
2013-01-04,720.9315
2013-01-05,746.9106
2013-01-06,705.2355
2013-01-07,695.2589
2013-01-08,655.1878
2013-01-09,673.7384
2013-01-10,701.6363
2013-01-11,683.5563
2013-01-12,746.0006
2013-01-13,700.7578
2013-01-14,697.6462
2013-01-15,662.912
2013-01-16,624.9695
2013-01-17,711.6928
2013-01-18,695.7851
2013-01-19,696.8908
2013-01-20,687.2534
2013-01-21,679.7753
2013-01-22,687.8758
2013-01-23,696.2735
2013-01-24,718.9618
2013-01-25,726.6538
2013-01-26,755.4404
2013-01-27,741.4572
2013-01-28,731.7106
2013-01-29,735.1545
2013-01-30,748.469
2013-01-31,742.0953
2013-02-01,737.3976
2013-02-02,767.155
2013-02-03,718.4327
2013-02-04,618.8142
2013-02-05,581.7328
2013-02-06,632.4048
2013-02-07,690.0043
2013-02-08,689.788
2013-02-09,745.4807
2013-02-10,694.8654
2013-02-11,715.0826
2013-02-12,712.9631
2013-02-13,738.0193
2013-02-14,742.2333
2013-02-15,789.495
2013-02-16,805.2118
2013-02-17,761.6713
2013-02-18,786.5039
2013-02-19,763.3149
2013-02-20,735.0809
2013-02-21,761.127
2013-02-22,799.8627
2013-02-23,782.5228
2013-02-24,811.1816
2013-02-25,806.1854
2013-02-26,780.7859
2013-02-27,785.0016
2013-02-28,800.6971
2013-03-01,813.9286
2013-03-02,851.2595
2013-03-03,822.8483
2013-03-04,854.4352
2013-03-05,840.6293
2013-03-06,840.9618
2013-03-07,845.6713
2013-03-08,872.6493
2013-03-09,848.4771
2013-03-10,848.4167
2013-03-11,876.6104
2013-03-12,836.4515
2013-03-13,879.0543
2013-03-14,850.4262
2013-03-15,856.103
2013-03-16,852.5697
2013-03-17,838.1743
2013-03-18,833.6929
2013-03-19,836.8344
2013-03-20,805.0232
2013-03-21,749.8167
2013-03-22,770.1759
2013-03-23,819.7322
2013-03-24,832.8126
2013-03-25,822.6333
2013-03-26,832.2359
2013-03-27,850.6979
2013-03-28,830.2131
2013-03-29,803.887
2013-03-30,825.5143
2013-03-31,866.7457
2013-04-01,884.0688
2013-04-02,880.6895
2013-04-03,908.652
2013-04-04,843.4062
2013-04-05,865.2528
2013-04-06,860.2516
2013-04-07,892.2015
2013-04-08,837.2465
2013-04-09,818.3778
2013-04-10,832.2574
2013-04-11,821.3505
2013-04-12,857.5772
2013-04-13,872.7134
2013-04-14,877.3195
2013-04-15,832.2232
2013-04-16,876.2155
2013-04-17,860.4336
2013-04-18,875.4659
2013-04-19,858.3854
2013-04-20,860.6737
2013-04-21,875.9281
2013-04-22,854.3031
2013-04-23,884.9811
2013-04-24,877.5849
2013-04-25,863.126
2013-04-26,833.9351
2013-04-27,857.3013
2013-04-28,855.0535
2013-04-29,856.6324
2013-04-30,862.3768
2013-05-01,869.533
2013-05-02,863.935
2013-05-03,845.6663
2013-05-04,852.8556
2013-05-05,835.4362
2013-05-06,840.9934
2013-05-07,869.2925
2013-05-08,849.7314
2013-05-09,856.5926
2013-05-10,830.9219
2013-05-11,743.122
2013-05-12,749.8731
2013-05-13,772.9073
2013-05-14,825.4691
2013-05-15,862.1305
2013-05-16,872.6723
2013-05-17,860.6717
2013-05-18,866.0143
2013-05-19,805.7624
2013-05-20,843.5985
2013-05-21,827.283
2013-05-22,828.0238
2013-05-23,870.779
2013-05-24,847.5601
2013-05-25,837.3208
2013-05-26,831.4956
2013-05-27,832.7487
2013-05-28,842.7601
2013-05-29,838.6903
2013-05-30,812.6146
2013-05-31,802.2456
2013-06-01,819.381
2013-06-02,797.0175
2013-06-03,834.7916
2013-06-04,852.7487
2013-06-05,812.6961
2013-06-06,822.9297
2013-06-07,828.1128
2013-06-08,831.5488
2013-06-09,761.9959
2013-06-10,781.0145
2013-06-11,780.3542
2013-06-12,805.8265
2013-06-13,804.53
2013-06-14,807.071
2013-06-15,808.9161
2013-06-16,800.6441
2013-06-17,835.7115
2013-06-18,832.4139
2013-06-19,837.5149
2013-06-20,812.2947
2013-06-21,821.3443
2013-06-22,828.9336
2013-06-23,835.3488
2013-06-24,858.2407
2013-06-25,853.2051
2013-06-26,768.2948
2013-06-27,751.3331
2013-06-28,818.5305
2013-06-29,807.2286
2013-06-30,845.081
2013-07-01,811.3361
2013-07-02,833.3005
2013-07-03,834.5237
2013-07-04,833.628
2013-07-05,833.2753
2013-07-06,864.3937
2013-07-07,864.8295
2013-07-08,869.6555
2013-07-09,869.1567
2013-07-10,861.554
2013-07-11,870.1222
2013-07-12,854.574
2013-07-13,857.3502
2013-07-14,850.358
2013-07-15,844.0236
2013-07-16,874.0582
2013-07-17,850.3002
2013-07-18,846.4107
2013-07-19,855.2258
2013-07-20,860.57
2013-07-21,845.6779
2013-07-22,846.7574
2013-07-23,852.6122
2013-07-24,818.5042
2013-07-25,816.9484
2013-07-26,847.4487
2013-07-27,861.032
2013-07-28,836.3706
2013-07-29,841.5992
2013-07-30,852.2459
2013-07-31,789.9582
2013-08-01,854.8824
2013-08-02,893.2683
2013-08-03,809.4235
2013-08-04,806.7428
2013-08-05,871.861
2013-08-06,881.6921
2013-08-07,845.8236
2013-08-08,845.7698
2013-08-09,822.7147
2013-08-10,786.7494
2013-08-11,814.683
2013-08-12,842.0349
2013-08-13,854.5748
2013-08-14,794.5319
2013-08-15,832.3646
2013-08-16,877.2976
2013-08-17,871.2779
2013-08-18,845.1573
2013-08-19,830.3062
2013-08-20,856.6346
2013-08-21,847.6265
2013-08-22,856.626
2013-08-23,851.8829
2013-08-24,854.8538
2013-08-25,836.0366
2013-08-26,860.4495
2013-08-27,816.8538
2013-08-28,800.0587
2013-08-29,855.4526
2013-08-30,882.7439
2013-08-31,861.3247
2013-09-01,860.7971
2013-09-02,870.2704
2013-09-03,832.155
2013-09-04,838.3464
2013-09-05,865.2999
2013-09-06,876.8185
2013-09-07,877.3528
2013-09-08,877.9432
2013-09-09,857.5646
2013-09-10,845.5525
2013-09-11,881.3103
2013-09-12,896.195
2013-09-13,890.689
2013-09-14,885.2184
2013-09-15,868.7263
2013-09-16,880.9601
2013-09-17,881.9152
2013-09-18,855.9382
2013-09-19,838.6574
2013-09-20,840.3086
2013-09-21,850.0737
2013-09-22,860.8867
2013-09-23,853.0082
2013-09-24,867.201
2013-09-25,894.4531
2013-09-26,895.2624
2013-09-27,853.3787
2013-09-28,852.0992
2013-09-29,875.5419
2013-09-30,879.072
2013-10-01,856.5978
2013-10-02,868.4537
2013-10-03,849.3048
2013-10-04,835.2084
2013-10-05,883.6033
2013-10-06,873.7284
2013-10-07,847.4396
2013-10-08,849.2168
2013-10-09,865.7363
2013-10-10,853.6506
2013-10-11,855.465
2013-10-12,822.2383
2013-10-13,855.6239
2013-10-14,823.4476
2013-10-15,811.0295
2013-10-16,865.7399
2013-10-17,851.9018
2013-10-18,827.9254
2013-10-19,818.5232
2013-10-20,836.1692
2013-10-21,814.1883
2013-10-22,814.9529
2013-10-23,813.1425
2013-10-24,793.037
2013-10-25,807.5767
2013-10-26,774.7342
2013-10-27,795.1446
2013-10-28,825.8016
2013-10-29,798.4234
2013-10-30,777.2949
2013-10-31,779.7869
2013-11-01,795.6127
2013-11-02,787.2481
2013-11-03,786.8465
2013-11-04,800.629
2013-11-05,815.4438
2013-11-06,805.4954
2013-11-07,781.6204
2013-11-08,799.5815
2013-11-09,771.3998
2013-11-10,784.8442
2013-11-11,774.6015
2013-11-12,756.2645
2013-11-13,750.7911
2013-11-14,722.1896
2013-11-15,728.251
2013-11-16,750.0483
2013-11-17,770.381
2013-11-18,765.822
2013-11-19,778.6924
2013-11-20,752.1757
2013-11-21,767.1965
2013-11-22,743.6475
2013-11-23,768.812
2013-11-24,762.7911
2013-11-25,750.131
2013-11-26,754.9871
2013-11-27,744.5323
2013-11-28,746.8188
2013-11-29,725.3164
2013-11-30,755.5971
2013-12-01,766.2695
2013-12-02,740.4844
2013-12-03,719.2829
2013-12-04,704.1688
2013-12-05,761.9982
2013-12-06,740.8967
2013-12-07,755.7516
2013-12-08,729.6853
2013-12-09,696.9586
2013-12-10,715.0967
2013-12-11,727.7273
2013-12-12,724.4192
2013-12-13,705.1036
2013-12-14,721.0781
2013-12-15,687.4111
2013-12-16,700.6152
2013-12-17,732.7161
2013-12-18,755.812
2013-12-19,777.4931
2013-12-20,728.572
2013-12-21,686.3918
2013-12-22,638.2055
2013-12-23,632.9253
2013-12-24,684.636
2013-12-25,690.7071
2013-12-26,710.0609
2013-12-27,721.3409
2013-12-28,726.251
2013-12-29,691.056
2013-12-30,713.2964
2013-12-31,694.2508
2014-01-01,706.4854
2014-01-02,687.6094
2014-01-03,664.1477
2014-01-04,726.6309
2014-01-05,700.2618
2014-01-06,654.5195
2014-01-07,625.0198
2014-01-08,651.7296
2014-01-09,672.498
2014-01-10,673.4164
2014-01-11,672.1802
2014-01-12,689.2062
2014-01-13,672.9654
2014-01-14,684.3884
2014-01-15,645.8651
2014-01-16,661.84
2014-01-17,668.2101
2014-01-18,652.9059
2014-01-19,689.488
2014-01-20,731.3918
2014-01-21,715.1746
2014-01-22,749.2455
2014-01-23,724.1517
2014-01-24,727.0496
2014-01-25,685.5651
2014-01-26,729.4755
2014-01-27,767.6319
2014-01-28,766.4949
2014-01-29,770.2909
2014-01-30,763.8439
2014-01-31,732.2888
2014-02-01,747.0544
2014-02-02,741.919
2014-02-03,777.6038
2014-02-04,741.717
2014-02-05,745.1768
2014-02-06,712.501
2014-02-07,763.746
2014-02-08,748.7201
2014-02-09,745.1829
2014-02-10,729.0306
2014-02-11,703.3599
2014-02-12,719.5523
2014-02-13,760.6296
2014-02-14,786.1321
2014-02-15,783.1244
2014-02-16,770.5109
2014-02-17,696.5637
2014-02-18,676.5716
2014-02-19,678.162
2014-02-20,671.3304
2014-02-21,725.3745
2014-02-22,707.7942
2014-02-23,759.7233
2014-02-24,768.2699
2014-02-25,772.4298
2014-02-26,740.9811
2014-02-27,729.3301
2014-02-28,737.9768
2014-03-01,695.3978
2014-03-02,705.338
2014-03-03,717.4421
2014-03-04,708.5907
2014-03-05,726.3904
2014-03-06,756.1398
2014-03-07,791.1442
2014-03-08,781.9002
2014-03-09,799.939
2014-03-10,885.66
2014-03-11,865.8861
2014-03-12,840.1717
2014-03-13,816.0753
2014-03-14,880.9648
2014-03-15,891.22
2014-03-16,856.0917
2014-03-17,823.2006
2014-03-18,816.007
2014-03-19,827.0714
2014-03-20,837.3694
2014-03-21,839.3897
2014-03-22,816.0102
2014-03-23,814.6907
2014-03-24,806.3695
2014-03-25,798.4972
2014-03-26,830.6216
2014-03-27,839.9221
2014-03-28,855.0474
2014-03-29,847.8619
2014-03-30,868.4874
2014-03-31,848.4713
2014-04-01,862.3506
2014-04-02,874.4096
2014-04-03,876.9998
2014-04-04,856.9284
2014-04-05,846.654
2014-04-06,878.5139
2014-04-07,860.9072
2014-04-08,864.2521
2014-04-09,850.5099
2014-04-10,858.1234
2014-04-11,872.3729
2014-04-12,860.1749
2014-04-13,864.0662
2014-04-14,868.135
2014-04-15,853.2384
2014-04-16,867.5969
2014-04-17,895.534
2014-04-18,870.3854
2014-04-19,851.5004
2014-04-20,892.3166
2014-04-21,873.5837
2014-04-22,844.4744
2014-04-23,840.4119
2014-04-24,858.4299
2014-04-25,808.6803
2014-04-26,805.3669
2014-04-27,853.7128
2014-04-28,868.6757
2014-04-29,844.7447
2014-04-30,879.9899
2014-05-01,877.4278
2014-05-02,884.2368
2014-05-03,833.5718
2014-05-04,868.2825
2014-05-05,899.2572
2014-05-06,876.8863
2014-05-07,888.0515
2014-05-08,881.5018
2014-05-09,886.4324
2014-05-10,842.2596
2014-05-11,815.84
2014-05-12,855.4971
2014-05-13,785.1314
2014-05-14,805.2604
2014-05-15,861.0448
2014-05-16,879.0734
2014-05-17,849.347
2014-05-18,866.4747
2014-05-19,881.3186
2014-05-20,851.1678
2014-05-21,775.6768
2014-05-22,808.5538
2014-05-23,796.7554
2014-05-24,817.6504
2014-05-25,842.1601
2014-05-26,847.2438
2014-05-27,805.5238
2014-05-28,810.0476
2014-05-29,822.6471
2014-05-30,853.3168
2014-05-31,888.0603
2014-06-01,861.6275
2014-06-02,838.5921
2014-06-03,846.0736
2014-06-04,851.8648
2014-06-05,832.2805
2014-06-06,868.1264
2014-06-07,851.6459
2014-06-08,820.6121
2014-06-09,794.7143
2014-06-10,783.1864
2014-06-11,830.0022
2014-06-12,824.148
2014-06-13,844.5085
2014-06-14,853.9484
2014-06-15,808.2641
2014-06-16,803.0548
2014-06-17,822.8184
2014-06-18,810.4473
2014-06-19,842.247
2014-06-20,848.7392
2014-06-21,834.18
2014-06-22,838.9788
2014-06-23,792.4616
2014-06-24,786.7261
2014-06-25,802.8744
2014-06-26,844.6431
2014-06-27,858.0681
2014-06-28,835.7145
2014-06-29,837.5329
2014-06-30,843.4449
2014-07-01,841.4233
2014-07-02,845.9716
2014-07-03,852.8123
2014-07-04,849.6314
2014-07-05,836.65
2014-07-06,825.9191
2014-07-07,831.3615
2014-07-08,830.1739
2014-07-09,847.4305
2014-07-10,851.9142
2014-07-11,845.3665
2014-07-12,833.7838
2014-07-13,859.4761
2014-07-14,843.4301
2014-07-15,840.705
2014-07-16,829.6447
2014-07-17,806.6891
2014-07-18,836.4008
2014-07-19,865.8803
2014-07-20,833.8573
2014-07-21,815.4998
2014-07-22,777.6625
2014-07-23,792.829
2014-07-24,781.0705
2014-07-25,751.8209
2014-07-26,791.1032
2014-07-27,837.9207
2014-07-28,865.0612
2014-07-29,860.7892
2014-07-30,843.7662
2014-07-31,835.7376
2014-08-01,857.5786
2014-08-02,864.3915
2014-08-03,842.921
2014-08-04,802.2032
2014-08-05,814.1914
2014-08-06,841.374
2014-08-07,879.7768
2014-08-08,858.0626
2014-08-09,857.8392
2014-08-10,832.1168
2014-08-11,802.386
2014-08-12,844.7565
2014-08-13,875.4333
2014-08-14,840.8152
2014-08-15,848.4962
2014-08-16,895.2986
2014-08-17,888.1791
2014-08-18,861.9145
2014-08-19,875.9358
2014-08-20,895.2054
2014-08-21,895.2937
2014-08-22,886.6532
2014-08-23,893.4009
2014-08-24,892.7756
2014-08-25,863.0261
2014-08-26,845.2307
2014-08-27,899.8375
2014-08-28,860.2291
2014-08-29,835.9874
2014-08-30,853.0573
2014-08-31,856.6524
2014-09-01,853.0586
2014-09-02,857.8254
2014-09-03,859.7347
2014-09-04,856.0512
2014-09-05,847.0673
2014-09-06,881.4423
2014-09-07,869.5774
2014-09-08,866.2073
2014-09-09,864.4503
2014-09-10,877.2123
2014-09-11,845.6027
2014-09-12,881.4704
2014-09-13,854.8157
2014-09-14,876.1368
2014-09-15,882.0394
2014-09-16,872.3392
2014-09-17,865.9447
2014-09-18,868.141
2014-09-19,873.5443
2014-09-20,857.8822
2014-09-21,839.5268
2014-09-22,882.6484
2014-09-23,852.3365
2014-09-24,878.0922
2014-09-25,871.2435
2014-09-26,869.3088
2014-09-27,851.715
2014-09-28,876.1422
2014-09-29,872.6942
2014-09-30,856.2936
2014-10-01,851.9688
2014-10-02,885.2928
2014-10-03,864.0675
2014-10-04,844.9371
2014-10-05,851.2476
2014-10-06,890.6526
2014-10-07,847.8801
2014-10-08,824.2475
2014-10-09,838.5422
2014-10-10,862.0557
2014-10-11,814.2873
2014-10-12,826.2658
2014-10-13,844.7548
2014-10-14,831.7373
2014-10-15,794.9032
2014-10-16,778.3495
2014-10-17,826.2252
2014-10-18,831.1247
2014-10-19,820.807
2014-10-20,826.5427
2014-10-21,834.1677
2014-10-22,830.432
2014-10-23,816.4558
2014-10-24,781.0019
2014-10-25,783.1363
2014-10-26,780.2342
2014-10-27,802.3608
2014-10-28,806.1694
2014-10-29,771.3345
2014-10-30,784.8588
2014-10-31,801.2356
2014-11-01,787.6074
2014-11-02,818.6922
2014-11-03,806.755
2014-11-04,789.7504
2014-11-05,762.5145
2014-11-06,740.3978
2014-11-07,765.5953
2014-11-08,744.9941
2014-11-09,792.8747
2014-11-10,803.0527
2014-11-11,772.4639
2014-11-12,764.7915
2014-11-13,774.7403
2014-11-14,759.1711
2014-11-15,767.2286
2014-11-16,774.777
2014-11-17,786.2233
2014-11-18,758.9703
2014-11-19,724.5332
2014-11-20,722.7368
2014-11-21,749.9033
2014-11-22,748.7396
2014-11-23,759.0566
2014-11-24,790.5073
2014-11-25,723.8782
2014-11-26,700.3806
2014-11-27,707.106
2014-11-28,682.5418
2014-11-29,687.5958
2014-11-30,732.4268
2014-12-01,769.7318
2014-12-02,757.924
2014-12-03,760.9983
2014-12-04,764.3514
2014-12-05,759.3022
2014-12-06,740.6901
2014-12-07,732.2761
2014-12-08,787.4906
2014-12-09,760.2059
2014-12-10,763.92
2014-12-11,775.4097
2014-12-12,723.5512
2014-12-13,705.9305
2014-12-14,615.8002
2014-12-15,683.1383
2014-12-16,654.6037
2014-12-17,629.3175
2014-12-18,612.9632
2014-12-19,600.7133
2014-12-20,641.8279
2014-12-21,626.4515
2014-12-22,663.674
2014-12-23,684.1844
2014-12-24,648.0789
2014-12-25,671.3619
2014-12-26,647.2729
2014-12-27,649.7195
2014-12-28,622.0704
2014-12-29,625.41
2014-12-30,673.2111
2014-12-31,657.9112
2015-01-01,686.5721
2015-01-02,681.5497
2015-01-03,719.6186
2015-01-04,739.6846
2015-01-05,745.703
2015-01-06,700.5565
2015-01-07,663.5882
2015-01-08,599.6514
2015-01-09,627.3141
2015-01-10,651.0716
2015-01-11,734.05
2015-01-12,725.8107
2015-01-13,728.4748
2015-01-14,743.1172
2015-01-15,699.2184
2015-01-16,724.2879
2015-01-17,707.4298
2015-01-18,711.6481
2015-01-19,668.9481
2015-01-20,670.3756
2015-01-21,688.5314
2015-01-22,675.1632
2015-01-23,712.8974
2015-01-24,696.8974
2015-01-25,724.5587
2015-01-26,743.3639
2015-01-27,722.9957
2015-01-28,737.119
2015-01-29,728.2117
2015-01-30,753.3915
2015-01-31,724.8439
2015-02-01,726.473
2015-02-02,726.8473
2015-02-03,764.5997
2015-02-04,772.8901
2015-02-05,776.3209
2015-02-06,786.97
2015-02-07,775.8466
2015-02-08,794.1151
2015-02-09,775.9294
2015-02-10,790.2941
2015-02-11,795.9683
2015-02-12,798.2792
2015-02-13,789.0691
2015-02-14,766.5823
2015-02-15,797.2308
2015-02-16,796.9676
2015-02-17,838.369
2015-02-18,797.4683
2015-02-19,805.4696
2015-02-20,759.0796
2015-02-21,794.2963
2015-02-22,801.7145
2015-02-23,759.4084
2015-02-24,729.7698
2015-02-25,730.7177
2015-02-26,774.0982
2015-02-27,816.5188
2015-02-28,773.4021
2015-03-01,774.545
2015-03-02,736.1642
2015-03-03,790.5506
2015-03-04,785.7537
2015-03-05,771.0545
2015-03-06,749.0263
2015-03-07,734.5472
2015-03-08,766.3711
2015-03-09,764.1984
2015-03-10,810.4519
2015-03-11,819.5297
2015-03-12,812.8994
2015-03-13,772.6487
2015-03-14,816.9119
2015-03-15,764.593
2015-03-16,697.2112
2015-03-17,652.6957
2015-03-18,615.9405
2015-03-19,687.8442
2015-03-20,688.5814
2015-03-21,772.0975
2015-03-22,761.2419
2015-03-23,763.0928
2015-03-24,786.9056
2015-03-25,783.642
2015-03-26,833.072
2015-03-27,817.7461
2015-03-28,816.8375
2015-03-29,855.0058
2015-03-30,877.0186
2015-03-31,875.9667
2015-04-01,844.1091
2015-04-02,823.2735
2015-04-03,794.2704
2015-04-04,753.3056
2015-04-05,730.645
2015-04-06,741.9185
2015-04-07,799.8242
2015-04-08,822.4394
2015-04-09,828.4845
2015-04-10,854.0026
2015-04-11,855.5849
2015-04-12,780.9798
2015-04-13,709.4515
2015-04-14,725.1409
2015-04-15,747.2178
2015-04-16,731.023
2015-04-17,712.7959
2015-04-18,726.3901
2015-04-19,815.8325
2015-04-20,776.282
2015-04-21,770.6218
2015-04-22,820.4345
2015-04-23,823.497
2015-04-24,822.2246
2015-04-25,790.1897
2015-04-26,788.6304
2015-04-27,795.2079
2015-04-28,752.1337
2015-04-29,836.2535
2015-04-30,862.7
2015-05-01,870.4813
2015-05-02,867.9412
2015-05-03,831.6434
2015-05-04,841.0739
2015-05-05,790.9138
2015-05-06,840.8998
2015-05-07,811.0353
2015-05-08,827.5862
2015-05-09,855.955
2015-05-10,860.0286
2015-05-11,855.4391
2015-05-12,844.0382
2015-05-13,874.9528
2015-05-14,859.0177
2015-05-15,837.5312
2015-05-16,865.441
2015-05-17,774.6006
2015-05-18,789.1816
2015-05-19,784.852
2015-05-20,798.9382
2015-05-21,793.0529
2015-05-22,805.8519
2015-05-23,819.1408
2015-05-24,835.9977
2015-05-25,835.5398
2015-05-26,849.3398
2015-05-27,853.1537
2015-05-28,845.0021
2015-05-29,846.7001
2015-05-30,818.182
2015-05-31,840.5769
2015-06-01,819.8949
2015-06-02,812.2623
2015-06-03,814.1959
2015-06-04,824.8854
2015-06-05,833.3068
2015-06-06,837.6885
2015-06-07,849.3107
2015-06-08,814.5751
2015-06-09,824.4804
2015-06-10,830.0752
2015-06-11,823.266
2015-06-12,770.5386
2015-06-13,752.3524
2015-06-14,786.622
2015-06-15,776.6826
2015-06-16,808.5035
2015-06-17,788.4911
2015-06-18,790.6491
2015-06-19,796.2911
2015-06-20,811.6935
2015-06-21,808.794
2015-06-22,823.4096
2015-06-23,860.1168
2015-06-24,851.5077
2015-06-25,807.6352
2015-06-26,814.1844
2015-06-27,810.1554
2015-06-28,829.5602
2015-06-29,814.0593
2015-06-30,845.0916
2015-07-01,843.1079
2015-07-02,833.0501
2015-07-03,824.2062
2015-07-04,871.7556
2015-07-05,848.4532
2015-07-06,860.7045
2015-07-07,845.331
2015-07-08,851.384
2015-07-09,832.1387
2015-07-10,824.9634
2015-07-11,846.548
2015-07-12,826.5212
2015-07-13,829.2024
2015-07-14,853.7464
2015-07-15,854.8226
2015-07-16,859.1506
2015-07-17,864.9269
2015-07-18,868.0837
2015-07-19,841.9928
2015-07-20,837.2324
2015-07-21,833.6384
2015-07-22,822.3972
2015-07-23,828.15
2015-07-24,858.8571
2015-07-25,860.3785
2015-07-26,858.3409
2015-07-27,853.8116
2015-07-28,861.5294
2015-07-29,871.7053
2015-07-30,870.5055
2015-07-31,873.3987
2015-08-01,870.0866
2015-08-02,837.9393
2015-08-03,855.3901
2015-08-04,856.7546
2015-08-05,869.9893
2015-08-06,824.6051
2015-08-07,837.1179
2015-08-08,869.6772
2015-08-09,856.5425
2015-08-10,865.5106
2015-08-11,886.0884
2015-08-12,865.4519
2015-08-13,858.6326
2015-08-14,883.7099
2015-08-15,855.8966
2015-08-16,871.2366
2015-08-17,856.4081
2015-08-18,873.2256
2015-08-19,842.7873
2015-08-20,835.3416
2015-08-21,861.1241
2015-08-22,869.3591
2015-08-23,881.937
2015-08-24,851.9518
2015-08-25,799.057
2015-08-26,868.2196
2015-08-27,850.7767
2015-08-28,842.3728
2015-08-29,856.4138
2015-08-30,860.816
2015-08-31,861.2058
2015-09-01,857.8792
2015-09-02,889.5302
2015-09-03,884.8559
2015-09-04,875.427
2015-09-05,873.1591
2015-09-06,875.7866
2015-09-07,889.9376
2015-09-08,883.2087
2015-09-09,882.9013
2015-09-10,874.9435
2015-09-11,859.3359
2015-09-12,844.2396
2015-09-13,861.4607
2015-09-14,893.3078
2015-09-15,885.4684
2015-09-16,892.6066
2015-09-17,852.4576
2015-09-18,893.2152
2015-09-19,842.471
2015-09-20,845.5216
2015-09-21,864.2996
2015-09-22,870.0419
2015-09-23,890.074
2015-09-24,885.8708
2015-09-25,844.7413
2015-09-26,856.544
2015-09-27,888.7679
2015-09-28,862.388
2015-09-29,864.024
2015-09-30,844.3049
2015-10-01,870.878
2015-10-02,861.4084
2015-10-03,836.8641
2015-10-04,835.9574
2015-10-05,854.379
2015-10-06,863.8013
2015-10-07,842.7113
2015-10-08,853.9382
2015-10-09,860.2996
2015-10-10,857.8064
2015-10-11,850.7592
2015-10-12,847.9378
2015-10-13,826.8786
2015-10-14,851.5912
2015-10-15,846.5537
2015-10-16,834.7885
2015-10-17,830.4321
2015-10-18,849.864
2015-10-19,851.4472
2015-10-20,810.4601
2015-10-21,816.653
2015-10-22,809.1003
2015-10-23,837.2947
2015-10-24,828.0525
2015-10-25,825.2566
2015-10-26,817.3104
2015-10-27,805.1552
2015-10-28,775.4219
2015-10-29,759.5028
2015-10-30,757.8284
2015-10-31,735.6491
2015-11-01,697.6589
2015-11-02,745.5667
2015-11-03,755.692
2015-11-04,769.5836
2015-11-05,802.6513
2015-11-06,791.3684
2015-11-07,746.3936
2015-11-08,731.2472
2015-11-09,735.7369
2015-11-10,721.8663
2015-11-11,731.2534
2015-11-12,757.2676
2015-11-13,741.8542
2015-11-14,743.8699
2015-11-15,765.2819
2015-11-16,767.4822
2015-11-17,767.619
2015-11-18,770.4392
2015-11-19,759.5709
2015-11-20,744.3926
2015-11-21,737.6238
2015-11-22,697.5638
2015-11-23,709.4964
2015-11-24,685.582
2015-11-25,734.8648
2015-11-26,716.2719
2015-11-27,755.6332
2015-11-28,776.0606
2015-11-29,790.3336
2015-11-30,778.0886
2015-12-01,757.4127
2015-12-02,755.4608
2015-12-03,698.876
2015-12-04,631.0945
2015-12-05,650.1465
2015-12-06,614.4776
2015-12-07,626.6904
2015-12-08,681.7694
2015-12-09,699.311
2015-12-10,708.6497
2015-12-11,685.1824
2015-12-12,690.96
2015-12-13,726.3051
2015-12-14,706.7449
2015-12-15,689.932
2015-12-16,736.5329
2015-12-17,760.3619
2015-12-18,756.6531
2015-12-19,742.2823
2015-12-20,722.1833
2015-12-21,695.5477
2015-12-22,702.0003
2015-12-23,722.3905
2015-12-24,723.144
2015-12-25,717.1686
2015-12-26,684.9073
2015-12-27,685.6909
2015-12-28,671.5596
2015-12-29,679.4052
2015-12-30,716.976
2015-12-31,761.3547
2016-01-01,752.5017
2016-01-02,722.1126
2016-01-03,697.1681
2016-01-04,708.7621
2016-01-05,703.7794
2016-01-06,709.5314
2016-01-07,636.8858
2016-01-08,706.6973
2016-01-09,707.8126
2016-01-10,679.6831
2016-01-11,684.7131
2016-01-12,701.7887
2016-01-13,697.0334
2016-01-14,705.0852
2016-01-15,675.9313
2016-01-16,672.9042
2016-01-17,701.0454
2016-01-18,718.7405
2016-01-19,688.9827
2016-01-20,647.1652
2016-01-21,713.4333
2016-01-22,712.3968
2016-01-23,733.5274
2016-01-24,738.0134
2016-01-25,691.3098
2016-01-26,733.3823
2016-01-27,657.0076
2016-01-28,666.7243
2016-01-29,694.7108
2016-01-30,674.5782
2016-01-31,706.0454
2016-02-01,695.7852
2016-02-02,639.3168
2016-02-03,587.1602
2016-02-04,568.9976
2016-02-05,641.6978
2016-02-06,727.0894
2016-02-07,738.4319
2016-02-08,754.5865
2016-02-09,698.2646
2016-02-10,687.7383
2016-02-11,695.2878
2016-02-12,740.2159
2016-02-13,673.6983
2016-02-14,668.833
2016-02-15,636.2494
2016-02-16,652.2232
2016-02-17,639.4694
2016-02-18,731.5492
2016-02-19,732.3587
2016-02-20,784.99
2016-02-21,795.1679
2016-02-22,779.6901
2016-02-23,690.7883
2016-02-24,705.2099
2016-02-25,731.2484
2016-02-26,626.092
2016-02-27,582.928
2016-02-28,563.639
2016-02-29,641.247
2016-03-01,688.2068
2016-03-02,723.5375
2016-03-03,793.1229
2016-03-04,786.5041
2016-03-05,817.1251
2016-03-06,760.3605
2016-03-07,715.3046
2016-03-08,702.0902
2016-03-09,767.3836
2016-03-10,776.5388
2016-03-11,817.0942
2016-03-12,830.0393
2016-03-13,805.5315
2016-03-14,788.9102
2016-03-15,855.8458
2016-03-16,820.5233
2016-03-17,806.8691
2016-03-18,803.872
2016-03-19,780.3386
2016-03-20,759.1508
2016-03-21,786.2519
2016-03-22,823.1418
2016-03-23,815.1774
2016-03-24,819.384
2016-03-25,826.1041
2016-03-26,864.9354
2016-03-27,873.5682
2016-03-28,863.6798
2016-03-29,875.6888
2016-03-30,844.3021
2016-03-31,779.0524
2016-04-01,690.3732
2016-04-02,722.3034
2016-04-03,757.3464
2016-04-04,766.5064
2016-04-05,776.862
2016-04-06,813.2306
2016-04-07,806.8472
2016-04-08,860.2674
2016-04-09,855.8384
2016-04-10,855.3334
2016-04-11,870.9877
2016-04-12,848.683
2016-04-13,875.3568
2016-04-14,855.371
2016-04-15,857.089
2016-04-16,841.2538
2016-04-17,818.0689
2016-04-18,777.4573
2016-04-19,829.2508
2016-04-20,859.1274
2016-04-21,872.9912
2016-04-22,907.2637
2016-04-23,881.4932
2016-04-24,901.358
2016-04-25,891.9742
2016-04-26,886.521
2016-04-27,863.6132
2016-04-28,856.2192
2016-04-29,867.0746
2016-04-30,836.4878
2016-05-01,827.7573
2016-05-02,834.9699
2016-05-03,855.6393
2016-05-04,814.3686
2016-05-05,817.0488
2016-05-06,834.6732
2016-05-07,855.8416
2016-05-08,857.7175
2016-05-09,812.22
2016-05-10,869.4285
2016-05-11,844.0036
2016-05-12,827.8577
2016-05-13,797.8208
2016-05-14,835.5489
2016-05-15,845.9981
2016-05-16,836.8829
2016-05-17,886.977
2016-05-18,864.2238
2016-05-19,871.0546
2016-05-20,855.5724
2016-05-21,830.2479
2016-05-22,781.9402
2016-05-23,797.4712
2016-05-24,877.922
2016-05-25,872.1014
2016-05-26,836.5676
2016-05-27,761.8951
2016-05-28,805.1166
2016-05-29,754.8539
2016-05-30,764.6453
2016-05-31,822.746
2016-06-01,859.623
2016-06-02,874.9632
2016-06-03,841.5438
2016-06-04,849.4012
2016-06-05,832.7891
2016-06-06,835.3359
2016-06-07,829.3444
2016-06-08,816.4203
2016-06-09,832.0568
2016-06-10,824.9514
2016-06-11,863.8605
2016-06-12,827.2609
2016-06-13,815.3892
2016-06-14,811.3646
2016-06-15,794.1512
2016-06-16,821.4071
2016-06-17,879.5218
2016-06-18,824.1243
2016-06-19,813.004
2016-06-20,816.5875
2016-06-21,847.433
2016-06-22,839.3932
2016-06-23,843.3973
2016-06-24,841.2883
2016-06-25,834.5311
2016-06-26,854.699
2016-06-27,842.8788
2016-06-28,811.3278
2016-06-29,861.7753
2016-06-30,822.7716
2016-07-01,817.3966
2016-07-02,840.2584
2016-07-03,821.4328
2016-07-04,831.2358
2016-07-05,844.8137
2016-07-06,849.7522
2016-07-07,836.6531
2016-07-08,821.4462
2016-07-09,820.9715
2016-07-10,818.0187
2016-07-11,836.2792
2016-07-12,855.1293
2016-07-13,852.076
2016-07-14,877.4236
2016-07-15,849.5438
2016-07-16,825.3806
2016-07-17,828.0484
2016-07-18,861.4682
2016-07-19,805.3368
2016-07-20,809.8082
2016-07-21,816.2316
2016-07-22,825.2449
2016-07-23,825.8452
2016-07-24,854.2353
2016-07-25,891.0216
2016-07-26,871.1312
2016-07-27,868.9056
2016-07-28,857.0147
2016-07-29,864.3479
2016-07-30,876.7019
2016-07-31,861.7992
2016-08-01,877.419
2016-08-02,850.6315
2016-08-03,853.8713
2016-08-04,871.15
2016-08-05,868.4424
2016-08-06,846.9696
2016-08-07,856.839
2016-08-08,835.592
2016-08-09,810.9512
2016-08-10,837.5175
2016-08-11,834.1418
2016-08-12,810.1072
2016-08-13,825.9152
2016-08-14,864.2169
2016-08-15,862.302
2016-08-16,873.1511
2016-08-17,860.0437
2016-08-18,816.3065
2016-08-19,864.129
2016-08-20,854.9802
2016-08-21,851.5336
2016-08-22,878.9428
2016-08-23,882.5648
2016-08-24,883.3228
2016-08-25,881.7509
2016-08-26,881.3294
2016-08-27,873.8957
2016-08-28,881.8951
2016-08-29,873.6835
2016-08-30,887.7288
2016-08-31,887.2779
2016-09-01,855.1256
2016-09-02,863.9346
2016-09-03,853.274
2016-09-04,877.2688
2016-09-05,879.4934
2016-09-06,863.1769
2016-09-07,901.831
2016-09-08,874.5425
2016-09-09,881.0764
2016-09-10,885.6249
2016-09-11,848.6016
2016-09-12,864.5222
2016-09-13,881.3332
2016-09-14,874.8646
2016-09-15,905.4151
2016-09-16,895.5118
2016-09-17,888.398
2016-09-18,866.5899
2016-09-19,888.4657
2016-09-20,867.1203
2016-09-21,848.1454
2016-09-22,865.1278
2016-09-23,862.5416
2016-09-24,870.8726
2016-09-25,852.2297
2016-09-26,878.4154
2016-09-27,840.003
2016-09-28,846.8752
2016-09-29,875.1283
2016-09-30,871.767
2016-10-01,843.9743
2016-10-02,865.0217
2016-10-03,867.5217
2016-10-04,807.6815
2016-10-05,764.5875
2016-10-06,783.8377
2016-10-07,807.6256
2016-10-08,785.9626
2016-10-09,851.5802
2016-10-10,859.6539
2016-10-11,829.2565
2016-10-12,808.4608
2016-10-13,840.2288
2016-10-14,805.4479
2016-10-15,810.1724
2016-10-16,835.0186
2016-10-17,833.1525
2016-10-18,827.1486
2016-10-19,832.2906
2016-10-20,787.3525
2016-10-21,756.1738
2016-10-22,762.6834
2016-10-23,796.9997
2016-10-24,805.9706
2016-10-25,786.2219
2016-10-26,821.3982
2016-10-27,808.1741
2016-10-28,773.6378
2016-10-29,759.7053
2016-10-30,764.2238
2016-10-31,769.7219
2016-11-01,760.998
2016-11-02,772.8635
2016-11-03,756.675
2016-11-04,763.364
2016-11-05,766.6227
2016-11-06,742.7109
2016-11-07,721.2462
2016-11-08,723.1073
2016-11-09,701.2159
2016-11-10,718.8542
2016-11-11,790.8046
2016-11-12,779.9287
2016-11-13,759.9118
2016-11-14,732.6252
2016-11-15,742.6964
2016-11-16,755.7189
2016-11-17,725.6464
2016-11-18,723.6108
2016-11-19,689.7897
2016-11-20,698.7834
2016-11-21,710.155
2016-11-22,743.4199
2016-11-23,744.743
2016-11-24,704.707
2016-11-25,715.6293
2016-11-26,713.4434
2016-11-27,766.2208
2016-11-28,760.2765
2016-11-29,743.6372
2016-11-30,749.0308
2016-12-01,743.0646
2016-12-02,773.8275
2016-12-03,769.1224
2016-12-04,751.3276
2016-12-05,685.1038
2016-12-06,655.0282
2016-12-07,702.348
2016-12-08,702.3204
2016-12-09,695.9022
2016-12-10,675.4476
2016-12-11,703.9622
2016-12-12,709.1882
2016-12-13,697.9744
2016-12-14,711.8677
2016-12-15,723.0532
2016-12-16,697.5261
2016-12-17,703.7194
2016-12-18,670.6721
2016-12-19,655.7622
2016-12-20,737.2955
2016-12-21,715.1155
2016-12-22,743.2182
2016-12-23,691.6685
2016-12-24,694.6276
2016-12-25,699.5248
2016-12-26,693.6235
2016-12-27,671.6596
2016-12-28,653.8157
2016-12-29,655.6524
2016-12-30,636.1434
2016-12-31,617.6633
2017-01-01,673.3323
2017-01-02,687.2731
2017-01-03,692.7449
2017-01-04,678.7546
2017-01-05,715.3802
2017-01-06,636.8666
2017-01-07,644.9512
2017-01-08,625.4125
2017-01-09,616.999
2017-01-10,771.5981
2017-01-11,744.2237
2017-01-12,691.9582
2017-01-13,653.8086
2017-01-14,639.8434
2017-01-15,716.9206
2017-01-16,707.0871
2017-01-17,684.113
2017-01-18,667.9284
2017-01-19,709.7977
2017-01-20,670.5154
2017-01-21,692.8845
2017-01-22,697.33
2017-01-23,733.7553
2017-01-24,704.676
2017-01-25,745.3186
2017-01-26,759.5113
2017-01-27,728.6546
2017-01-28,743.7543
2017-01-29,704.507
2017-01-30,727.6057
2017-01-31,689.6464
2017-02-01,679.9348
2017-02-02,642.8442
2017-02-03,727.1541
2017-02-04,747.8474
2017-02-05,682.9827
2017-02-06,672.944
2017-02-07,684.076
2017-02-08,728.9987
2017-02-09,697.1702
2017-02-10,653.9764
2017-02-11,744.1673
2017-02-12,714.0047
2017-02-13,727.6509
2017-02-14,739.5865
2017-02-15,779.3856
2017-02-16,740.8156
2017-02-17,717.2566
2017-02-18,772.5634
2017-02-19,746.5248
2017-02-20,680.4251
2017-02-21,657.2289
2017-02-22,641.5767
2017-02-23,707.3437
2017-02-24,741.0502
2017-02-25,727.1881
2017-02-26,748.9226
2017-02-27,758.3502
2017-02-28,722.6632
2017-03-01,789.2652
2017-03-02,757.6365
2017-03-03,836.9958
2017-03-04,809.801
2017-03-05,819.6382
2017-03-06,845.3139
2017-03-07,822.3964
2017-03-08,865.9523
2017-03-09,806.8074
2017-03-10,790.7501
2017-03-11,759.9905
2017-03-12,760.8847
2017-03-13,831.1326
2017-03-14,792.8426
2017-03-15,802.749
2017-03-16,804.527
2017-03-17,950.485
2017-03-18,879.7594
2017-03-19,848.108
2017-03-20,809.3216
2017-03-21,804.5937
2017-03-22,817.9404
2017-03-23,832.6524
2017-03-24,821.938
2017-03-25,786.3376
2017-03-26,809.1179
2017-03-27,790.3972
2017-03-28,819.2622
2017-03-29,860.563
2017-03-30,825.9991
2017-03-31,833.5242
2017-04-01,846.8853
2017-04-02,856.1597
2017-04-03,832.681
2017-04-04,802.6158
2017-04-05,762.0729
2017-04-06,745.8293
2017-04-07,757.1372
2017-04-08,764.7941
2017-04-09,795.9277
2017-04-10,802.0162
2017-04-11,844.0584
2017-04-12,807.1664
2017-04-13,797.9614
2017-04-14,834.3324
2017-04-15,848.1576
2017-04-16,821.3886
2017-04-17,813.6986
2017-04-18,815.6181
2017-04-19,772.7847
2017-04-20,746.2701
2017-04-21,795.2428
2017-04-22,822.8215
2017-04-23,846.2067
2017-04-24,801.2162
2017-04-25,829.8509
2017-04-26,826.6267
2017-04-27,792.9304
2017-04-28,811.9238
2017-04-29,838.8543
2017-04-30,844.864
2017-05-01,839.5233
2017-05-02,858.5859
2017-05-03,843.2498
2017-05-04,857.6603
2017-05-05,858.1799
2017-05-06,888.7869
2017-05-07,847.9795
2017-05-08,853.9396
2017-05-09,827.8629
2017-05-10,819.224
2017-05-11,833.1978
2017-05-12,872.4018
2017-05-13,837.11
2017-05-14,821.2326
2017-05-15,829.8247
2017-05-16,833.5483
2017-05-17,832.1552
2017-05-18,887.9105
2017-05-19,887.0637
2017-05-20,872.0209
2017-05-21,814.4186
2017-05-22,823.8815
2017-05-23,801.1199
2017-05-24,800.4095
2017-05-25,785.8906
2017-05-26,789.1477
2017-05-27,870.1686
2017-05-28,849.1953
2017-05-29,839.0313
2017-05-30,845.6801
2017-05-31,848.2574
2017-06-01,861.0934
2017-06-02,853.5266
2017-06-03,828.4822
2017-06-04,835.8898
2017-06-05,861.0082
2017-06-06,838.4208
2017-06-07,866.6214
2017-06-08,863.3533
2017-06-09,838.3155
2017-06-10,811.3554
2017-06-11,811.1149
2017-06-12,825.9035
2017-06-13,790.7412
2017-06-14,856.5006
2017-06-15,862.7348
2017-06-16,855.3915
2017-06-17,809.3632
2017-06-18,763.7639
2017-06-19,821.6142
2017-06-20,817.2364
2017-06-21,862.5647
2017-06-22,875.3331
2017-06-23,854.6493
2017-06-24,791.5793
2017-06-25,864.0477
2017-06-26,865.4546
2017-06-27,843.1772
2017-06-28,824.6296
2017-06-29,810.9874
2017-06-30,835.8403
2017-07-01,848.0073
2017-07-02,850.3752
2017-07-03,853.6696
2017-07-04,832.3262
2017-07-05,833.8135
2017-07-06,842.1519
2017-07-07,848.8586
2017-07-08,833.5083
2017-07-09,825.624
2017-07-10,855.6226
2017-07-11,826.0914
2017-07-12,843.9743
2017-07-13,851.9291
2017-07-14,861.5872
2017-07-15,857.6711
2017-07-16,836.0823
2017-07-17,858.4884
2017-07-18,821.2056
2017-07-19,850.8938
2017-07-20,843.5051
2017-07-21,838.7961
2017-07-22,840.0245
2017-07-23,854.1975
2017-07-24,891.9261
2017-07-25,874.8534
2017-07-26,871.9438
2017-07-27,866.1688
2017-07-28,865.0576
2017-07-29,840.3961
2017-07-30,859.6056
2017-07-31,856.6091
2017-08-01,859.4079
2017-08-02,851.2826
2017-08-03,888.0314
2017-08-04,876.5425
2017-08-05,851.2446
2017-08-06,874.3054
2017-08-07,869.9826
2017-08-08,859.6348
2017-08-09,843.1804
2017-08-10,844.6326
2017-08-11,860.8544
2017-08-12,849.2154
2017-08-13,844.2528
2017-08-14,846.0492
2017-08-15,876.8964
2017-08-16,838.541
2017-08-17,796.3486
2017-08-18,841.2789
2017-08-19,864.3202
2017-08-20,854.6326
2017-08-21,814.1549
2017-08-22,844.7886
2017-08-23,801.2463
2017-08-24,841.23
2017-08-25,835.5885
2017-08-26,833.6248
2017-08-27,891.0676
2017-08-28,877.4634
2017-08-29,841.4644
2017-08-30,817.2075
2017-08-31,827.941
2017-09-01,845.003
2017-09-02,863.9163
2017-09-03,852.9797
2017-09-04,840.0254
2017-09-05,852.7644
2017-09-06,829.5992
2017-09-07,849.0562
2017-09-08,886.1378
2017-09-09,847.9227
2017-09-10,870.6744
2017-09-11,859.9748
2017-09-12,867.3707
2017-09-13,886.1
2017-09-14,866.903
2017-09-15,833.5367
2017-09-16,833.3007
2017-09-17,852.5087
2017-09-18,871.3892
2017-09-19,828.3456
2017-09-20,845.1576
2017-09-21,862.9635
2017-09-22,831.0668
2017-09-23,875.6191
2017-09-24,863.2922
2017-09-25,853.9852
2017-09-26,816.5978
2017-09-27,818.0193
2017-09-28,791.1315
2017-09-29,837.5753
2017-09-30,879.9935
2017-10-01,823.978
2017-10-02,839.3157
2017-10-03,847.9125
2017-10-04,823.1417
2017-10-05,809.9447
2017-10-06,836.9733
2017-10-07,827.9887
2017-10-08,807.6355
2017-10-09,806.6286
2017-10-10,804.275
2017-10-11,816.8429
2017-10-12,812.2226
2017-10-13,752.683
2017-10-14,753.1468
2017-10-15,767.0761
2017-10-16,773.5616
2017-10-17,759.277
2017-10-18,733.5492
2017-10-19,731.4332
2017-10-20,712.5783
2017-10-21,672.9267
2017-10-22,759.7906
2017-10-23,756.6949
2017-10-24,787.4584
2017-10-25,809.532
2017-10-26,814.0102
2017-10-27,814.9828
2017-10-28,800.4703
2017-10-29,764.2477
2017-10-30,740.0796
2017-10-31,709.4283
2017-11-01,680.3616
2017-11-02,682.2533
2017-11-03,764.3364
2017-11-04,737.7198
2017-11-05,756.856
2017-11-06,734.0073
2017-11-07,717.0571
2017-11-08,672.8743
2017-11-09,746.4457
2017-11-10,777.845
2017-11-11,764.9089
2017-11-12,760.9334
2017-11-13,714.8887
2017-11-14,727.7639
2017-11-15,723.8958
2017-11-16,725.1047
2017-11-17,757.9716
2017-11-18,731.4446
2017-11-19,776.7411
2017-11-20,738.0917
2017-11-21,718.091
2017-11-22,731.6323
2017-11-23,746.0725
2017-11-24,726.9592
2017-11-25,720.6623
2017-11-26,753.3815
2017-11-27,764.9164
2017-11-28,801.4175
2017-11-29,772.9575
2017-11-30,764.074
2017-12-01,743.1289
2017-12-02,769.8611
2017-12-03,767.3518
2017-12-04,733.5278
2017-12-05,750.5627
2017-12-06,743.9401
2017-12-07,768.3512
2017-12-08,722.0416
2017-12-09,701.2426
2017-12-10,619.0222
2017-12-11,589.9854
2017-12-12,559.4942
2017-12-13,452.3083
2017-12-14,658.8272
2017-12-15,629.503
2017-12-16,642.3585
2017-12-17,638.4358
2017-12-18,676.3481
2017-12-19,648.4345
2017-12-20,646.0921
2017-12-21,642.1202
2017-12-22,664.5565
2017-12-23,705.7999
2017-12-24,695.0726
2017-12-25,653.3925
2017-12-26,655.326
2017-12-27,639.1428
2017-12-28,637.201
2017-12-29,592.4638
2017-12-30,533.4768
2017-12-31,596.4979
2018-01-01,701.846
2018-01-02,715.7115
2018-01-03,638.775
2018-01-04,648.9222
2018-01-05,675.8664
2018-01-06,769.7505
2018-01-07,673.684
2018-01-08,601.9042
2018-01-09,579.1662
2018-01-10,693.214
2018-01-11,714.0046
2018-01-12,679.9324
2018-01-13,726.8585
2018-01-14,739.7037
2018-01-15,712.2936
2018-01-16,648.9904
2018-01-17,663.3849
2018-01-18,655.5704
2018-01-19,689.5822
2018-01-20,672.607
2018-01-21,641.0043
2018-01-22,674.8936
2018-01-23,713.4791
2018-01-24,691.6056
2018-01-25,668.9094
2018-01-26,696.1371
2018-01-27,691.4125
2018-01-28,666.2841
2018-01-29,688.8051
2018-01-30,698.8776
2018-01-31,730.5137
2018-02-01,700.6961
2018-02-02,701.339
2018-02-03,644.3227
2018-02-04,651.7311
2018-02-05,727.4468
2018-02-06,735.7937
2018-02-07,773.281
2018-02-08,715.9274
2018-02-09,745.7142
2018-02-10,723.9173
2018-02-11,754.0217
2018-02-12,746.8238
2018-02-13,777.436
2018-02-14,808.1634
2018-02-15,759.6486
2018-02-16,785.7121
2018-02-17,741.5427
2018-02-18,754.0516
2018-02-19,789.3611
2018-02-20,748.8242
2018-02-21,760.2361
2018-02-22,702.7206
2018-02-23,770.3004
2018-02-24,770.9163
2018-02-25,795.6188
2018-02-26,775.8821
2018-02-27,775.1285
2018-02-28,776.598
2018-03-01,817.5372
2018-03-02,868.2152
2018-03-03,853.4946
2018-03-04,876.375
2018-03-05,866.3717
2018-03-06,863.2973
2018-03-07,860.1636
2018-03-08,860.8782
2018-03-09,854.2785
2018-03-10,829.0929
2018-03-11,837.0118
2018-03-12,855.807
2018-03-13,869.4699
2018-03-14,869.5297
2018-03-15,863.3151
2018-03-16,864.2733
2018-03-17,852.3339
2018-03-18,839.0518
2018-03-19,853.8414
2018-03-20,866.9784
2018-03-21,886.2472
2018-03-22,847.6332
2018-03-23,858.9446
2018-03-24,855.734
2018-03-25,826.3768
2018-03-26,799.0323
2018-03-27,754.0067
2018-03-28,744.0909
2018-03-29,747.8721
2018-03-30,779.3045
2018-03-31,706.5434
2018-04-01,691.9138
2018-04-02,638.5989
2018-04-03,576.8243
2018-04-04,618.3139
2018-04-05,725.9882
2018-04-06,723.473
2018-04-07,716.7743
2018-04-08,769.7739
2018-04-09,777.2569
2018-04-10,794.801
2018-04-11,816.3245
2018-04-12,865.4986
2018-04-13,883.2497
2018-04-14,891.9805
2018-04-15,853.1039
2018-04-16,841.6555
2018-04-17,835.3614
2018-04-18,838.9552
2018-04-19,862.3604
2018-04-20,824.602
2018-04-21,848.0885
2018-04-22,832.6462
2018-04-23,842.5795
2018-04-24,860.8301
2018-04-25,845.4695
2018-04-26,867.7157
2018-04-27,829.9099
2018-04-28,857.7767
2018-04-29,811.1164
2018-04-30,827.0278
2018-05-01,835.9501
2018-05-02,821.009
2018-05-03,861.0174
2018-05-04,839.4214
2018-05-05,866.7698
2018-05-06,855.3265
2018-05-07,839.4956
2018-05-08,855.7711
2018-05-09,849.5274
2018-05-10,828.903
2018-05-11,835.7224
2018-05-12,840.6566
2018-05-13,832.9855
2018-05-14,873.3095
2018-05-15,839.6451
2018-05-16,834.7054
2018-05-17,759.9742
2018-05-18,773.8549
2018-05-19,794.1189
2018-05-20,812.943
2018-05-21,847.7552
2018-05-22,813.7521
2018-05-23,851.8067
2018-05-24,842.102
2018-05-25,844.0104
2018-05-26,820.7725
2018-05-27,828.708
2018-05-28,864.8992
2018-05-29,860.3805
2018-05-30,826.5416
2018-05-31,790.8403
2018-06-01,833.8245
2018-06-02,825.3364
2018-06-03,802.611
2018-06-04,821.6255
2018-06-05,865.0866
2018-06-06,847.5005
2018-06-07,817.421
2018-06-08,797.0778
2018-06-09,813.7138
2018-06-10,822.4983
2018-06-11,857.7877
2018-06-12,826.1047
2018-06-13,805.3559
2018-06-14,823.6652
2018-06-15,812.058
2018-06-16,799.5041
2018-06-17,816.9948
2018-06-18,800.9419
2018-06-19,776.2549
2018-06-20,787.0831
2018-06-21,797.2067
2018-06-22,859.2311
2018-06-23,862.7991
2018-06-24,870.7694
2018-06-25,879.0988
2018-06-26,861.8538
2018-06-27,829.1151
2018-06-28,816.3758
2018-06-29,808.648
2018-06-30,826.4712
2018-07-01,850.5618
2018-07-02,864.0846
2018-07-03,858.2973
2018-07-04,838.947
2018-07-05,832.1259
2018-07-06,835.7424
2018-07-07,849.0037
2018-07-08,815.9371
2018-07-09,845.8922
2018-07-10,860.6221
2018-07-11,848.2194
2018-07-12,828.9847
2018-07-13,817.8032
2018-07-14,832.3658
2018-07-15,813.877
2018-07-16,837.0593
2018-07-17,848.1194
2018-07-18,862.2171
2018-07-19,839.5126
2018-07-20,843.1122
2018-07-21,829.2555
2018-07-22,842.772
2018-07-23,827.5547
2018-07-24,846.9992
2018-07-25,850.2401
2018-07-26,852.9581
2018-07-27,802.8536
2018-07-28,811.8628
2018-07-29,850.3748
2018-07-30,845.6401
2018-07-31,882.9038
2018-08-01,849.6158
2018-08-02,856.9785
2018-08-03,855.4068
2018-08-04,869.0963
2018-08-05,865.818
2018-08-06,882.1312
2018-08-07,868.4782
2018-08-08,893.4453
2018-08-09,916.0254
2018-08-10,883.9219
2018-08-11,861.3346
2018-08-12,882.855
2018-08-13,869.3286
2018-08-14,888.0334
2018-08-15,897.0548
2018-08-16,879.6494
2018-08-17,866.35
2018-08-18,879.4684
2018-08-19,879.2093
2018-08-20,841.9714
2018-08-21,891.7246
2018-08-22,917.6008
2018-08-23,897.6516
2018-08-24,891.2317
2018-08-25,916.0942
2018-08-26,897.2322
2018-08-27,895.9106
2018-08-28,869.8983
2018-08-29,880.4315
2018-08-30,896.7758
2018-08-31,895.7936
2018-09-01,882.0237
2018-09-02,874.024
2018-09-03,875.5636
2018-09-04,869.4676
2018-09-05,863.1647
2018-09-06,870.8115
2018-09-07,847.6466
2018-09-08,889.9985
2018-09-09,903.7133
2018-09-10,896.8229
2018-09-11,892.6838
2018-09-12,895.5414
2018-09-13,879.809
2018-09-14,862.4422
2018-09-15,842.7787
2018-09-16,867.1499
2018-09-17,892.3697
2018-09-18,852.335
2018-09-19,851.8265
2018-09-20,896.785
2018-09-21,860.3592
2018-09-22,874.1022
2018-09-23,889.8936
2018-09-24,883.8168
2018-09-25,849.4573
2018-09-26,839.946
2018-09-27,872.5134
2018-09-28,864.5748
2018-09-29,870.9739
2018-09-30,853.8846
2018-10-01,873.5333
2018-10-02,862.5454
2018-10-03,860.1431
2018-10-04,856.2296
2018-10-05,798.2267
2018-10-06,795.0142
2018-10-07,859.4692
2018-10-08,837.3128
2018-10-09,812.1101
2018-10-10,834.6577
2018-10-11,823.3454
2018-10-12,805.4781
2018-10-13,822.0154
2018-10-14,843.2189
2018-10-15,825.6883
2018-10-16,804.8518
2018-10-17,832.0162
2018-10-18,832.4882
2018-10-19,851.8373
2018-10-20,859.5343
2018-10-21,851.9016
2018-10-22,829.1398
2018-10-23,823.2816
2018-10-24,797.7018
2018-10-25,781.2586
2018-10-26,829.0794
2018-10-27,821.0323
2018-10-28,824.5357
2018-10-29,798.5968
2018-10-30,828.4246
2018-10-31,800.7757
2018-11-01,833.127
2018-11-02,792.6294
2018-11-03,798.3484
2018-11-04,778.3292
2018-11-05,770.179
2018-11-06,752.1324
2018-11-07,766.561
2018-11-08,761.6374
2018-11-09,763.3124
2018-11-10,793.2679
2018-11-11,767.7971
2018-11-12,771.1876
2018-11-13,763.6055
2018-11-14,792.5826
2018-11-15,795.342
2018-11-16,762.1779
2018-11-17,777.4822
2018-11-18,735.1204
2018-11-19,731.1213
2018-11-20,736.725
2018-11-21,743.2413
2018-11-22,769.8445
2018-11-23,781.8045
2018-11-24,763.3349
2018-11-25,755.2371
2018-11-26,799.4405
2018-11-27,772.2398
2018-11-28,732.4754
2018-11-29,721.093
2018-11-30,777.0042
2018-12-01,761.8452
2018-12-02,731.975
2018-12-03,724.638
2018-12-04,692.7944
2018-12-05,643.9708
2018-12-06,724.2742
2018-12-07,742.6832
2018-12-08,721.2479
2018-12-09,692.875
2018-12-10,637.5898
2018-12-11,654.7026
2018-12-12,686.858
2018-12-13,696.8729
2018-12-14,701.0206
2018-12-15,754.9224
2018-12-16,748.1954
2018-12-17,774.2244
2018-12-18,750.1656
2018-12-19,774.5335
2018-12-20,726.197
2018-12-21,661.1806
2018-12-22,695.9007
2018-12-23,700.3599
2018-12-24,662.3466
2018-12-25,645.6932
2018-12-26,640.4009
2018-12-27,598.6345
2018-12-28,590.105
2018-12-29,645.1348
2018-12-30,665.5382
2018-12-31,689.9951
2019-01-01,636.7874
2019-01-02,745.8041
2019-01-03,732.1434
2019-01-04,695.6502
2019-01-05,708.3463
2019-01-06,735.2741
2019-01-07,753.6997
2019-01-08,726.547
2019-01-09,727.2184
2019-01-10,665.8303
2019-01-11,560.8814
2019-01-12,571.3055
2019-01-13,692.2136
2019-01-14,712.575
2019-01-15,688.7398
2019-01-16,747.1752
2019-01-17,739.8608
2019-01-18,717.2757
2019-01-19,727.3137
2019-01-20,722.5589
2019-01-21,696.5341
2019-01-22,711.4886
2019-01-23,751.6035
2019-01-24,732.6152
2019-01-25,703.608
2019-01-26,704.7316
2019-01-27,769.1454
2019-01-28,743.8977
2019-01-29,733.812
2019-01-30,715.165
2019-01-31,743.2039
2019-02-01,725.5072
2019-02-02,705.8251
2019-02-03,719.4656
2019-02-04,734.7108
2019-02-05,765.792
2019-02-06,798.1518
2019-02-07,801.382
2019-02-08,783.1855
2019-02-09,741.1191
2019-02-10,754.2605
2019-02-11,743.3859
2019-02-12,752.8409
2019-02-13,757.3094
2019-02-14,679.504
2019-02-15,651.1879
2019-02-16,679.123
2019-02-17,729.7202
2019-02-18,625.7977
2019-02-19,614.2891
2019-02-20,627.093
2019-02-21,729.1657
2019-02-22,772.5341
2019-02-23,752.5552
2019-02-24,756.1784
2019-02-25,772.6227
2019-02-26,794.5131
2019-02-27,791.8546
2019-02-28,820.3527
2019-03-01,777.7165
2019-03-02,815.8164
2019-03-03,809.2618
2019-03-04,829.6747
2019-03-05,852.1514
2019-03-06,809.6207
2019-03-07,824.1342
2019-03-08,800.2647
2019-03-09,817.2054
2019-03-10,800.7622
2019-03-11,758.498
2019-03-12,805.1628
2019-03-13,859.5922
2019-03-14,832.8309
2019-03-15,803.2408
2019-03-16,842.4898
2019-03-17,781.2346
2019-03-18,749.4877
2019-03-19,777.0204
2019-03-20,785.6959
2019-03-21,820.2421
2019-03-22,782.9044
2019-03-23,823.7364
2019-03-24,817.3425
2019-03-25,825.157
2019-03-26,808.9716
2019-03-27,837.1394
2019-03-28,850.4756
2019-03-29,840.1858
2019-03-30,827.4747
2019-03-31,825.7825
2019-04-01,844.7731
2019-04-02,849.0361
2019-04-03,832.1705
2019-04-04,830.5195
2019-04-05,837.495
2019-04-06,888.276
2019-04-07,868.2239
2019-04-08,843.1182
2019-04-09,842.3093
2019-04-10,823.8425
2019-04-11,853.0957
2019-04-12,860.3222
2019-04-13,844.5377
2019-04-14,852.5208
2019-04-15,846.8886
2019-04-16,842.1993
2019-04-17,838.6828
2019-04-18,827.6409
2019-04-19,831.1758
2019-04-20,827.594
2019-04-21,785.4698
2019-04-22,781.5797
2019-04-23,752.6678
2019-04-24,806.9172
2019-04-25,818.3073
2019-04-26,813.9611
2019-04-27,814.9112
2019-04-28,843.6097
2019-04-29,832.4046
2019-04-30,845.8821
2019-05-01,860.1172
2019-05-02,846.161
2019-05-03,835.7082
2019-05-04,851.9202
2019-05-05,839.955
2019-05-06,834.5042
2019-05-07,828.9022
2019-05-08,852.607
2019-05-09,849.3727
2019-05-10,840.2296
2019-05-11,847.2485
2019-05-12,846.8531
2019-05-13,806.4284
2019-05-14,854.1841
2019-05-15,825.7166
2019-05-16,850.0407
2019-05-17,849.0473
2019-05-18,871.1431
2019-05-19,852.0854
2019-05-20,847.8246
2019-05-21,829.3035
2019-05-22,848.2283
2019-05-23,855.5178
2019-05-24,862.3259
2019-05-25,851.64
2019-05-26,856.4021
2019-05-27,807.2505
2019-05-28,860.7579
2019-05-29,848.0606
2019-05-30,836.1852
2019-05-31,822.5089
2019-06-01,854.2219
2019-06-02,877.3411
2019-06-03,864.833
2019-06-04,878.4661
2019-06-05,835.211
2019-06-06,806.8071
2019-06-07,775.721
2019-06-08,863.24
2019-06-09,853.7403
2019-06-10,850.0526
2019-06-11,863.4606
2019-06-12,848.2604
2019-06-13,804.9012
2019-06-14,774.4719
2019-06-15,804.8915
2019-06-16,836.0924
2019-06-17,844.2578
2019-06-18,833.0552
2019-06-19,853.9365
2019-06-20,841.7904
2019-06-21,830.0325
2019-06-22,857.8392
2019-06-23,851.6672
2019-06-24,822.0624
2019-06-25,816.8657
2019-06-26,824.6669
2019-06-27,847.7138
2019-06-28,832.5577
2019-06-29,851.6056
2019-06-30,845.8929
2019-07-01,843.4962
2019-07-02,817.4716
2019-07-03,810.9351
2019-07-04,833.025
2019-07-05,803.8875
2019-07-06,847.3544
2019-07-07,839.7803
2019-07-08,818.7728
2019-07-09,833.2513
2019-07-10,850.8112
2019-07-11,818.7779
2019-07-12,816.471
2019-07-13,858.1224
2019-07-14,848.5753
2019-07-15,827.1318
2019-07-16,811.252
2019-07-17,868.7976
2019-07-18,847.4213
2019-07-19,850.483
2019-07-20,833.3078
2019-07-21,887.4644
2019-07-22,872.9922
2019-07-23,865.3622
2019-07-24,866.1625
2019-07-25,856.5159
2019-07-26,846.249
2019-07-27,861.211
2019-07-28,864.5416
2019-07-29,845.4745
2019-07-30,864.978
2019-07-31,855.3092
2019-08-01,849.8752
2019-08-02,850.779
2019-08-03,823.2574
2019-08-04,839.0137
2019-08-05,868.0513
2019-08-06,861.5883
2019-08-07,873.621
2019-08-08,841.1941
2019-08-09,856.6642
2019-08-10,890.5829
2019-08-11,878.9186
2019-08-12,891.2434
2019-08-13,883.9609
2019-08-14,877.4062
2019-08-15,894.3604
2019-08-16,894.7997
2019-08-17,880.3364
2019-08-18,864.7145
2019-08-19,880.9126
2019-08-20,869.5369
2019-08-21,878.6005
2019-08-22,867.9495
2019-08-23,836.4662
2019-08-24,874.8996
2019-08-25,870.7028
2019-08-26,865.6585
2019-08-27,822.0107
2019-08-28,861.5035
2019-08-29,857.4258
2019-08-30,886.0499
2019-08-31,863.954
2019-09-01,861.3758
2019-09-02,903.9693
2019-09-03,882.8074
2019-09-04,891.0081
2019-09-05,884.3829
2019-09-06,870.7485
2019-09-07,883.1719
2019-09-08,882.6011
2019-09-09,896.9767
2019-09-10,893.0032
2019-09-11,877.8065
2019-09-12,868.2136
2019-09-13,882.1872
2019-09-14,895.9047
2019-09-15,890.8958
2019-09-16,872.4252
2019-09-17,849.4544
2019-09-18,885.5666
2019-09-19,868.7506
2019-09-20,863.7908
2019-09-21,891.872
2019-09-22,867.768
2019-09-23,847.9841
2019-09-24,820.5536
2019-09-25,818.1665
2019-09-26,755.965
2019-09-27,747.5901
2019-09-28,739.3806
2019-09-29,835.485
2019-09-30,828.0608
2019-10-01,809.5076
2019-10-02,862.7335
2019-10-03,864.307
2019-10-04,844.4319
2019-10-05,854.1742
2019-10-06,881.247
2019-10-07,881.5533
2019-10-08,860.8363
2019-10-09,865.8096
2019-10-10,859.3577
2019-10-11,864.9438
2019-10-12,852.2657
2019-10-13,862.7147
2019-10-14,871.5294
2019-10-15,839.493
2019-10-16,801.5745
2019-10-17,803.9343
2019-10-18,800.5727
2019-10-19,822.2564
2019-10-20,846.5081
2019-10-21,865.8115
2019-10-22,853.3087
2019-10-23,814.8134
2019-10-24,794.4514
2019-10-25,792.2628
2019-10-26,770.6269
2019-10-27,789.9064
2019-10-28,787.4689
2019-10-29,829.878
2019-10-30,812.1938
2019-10-31,826.8889
2019-11-01,826.5429
2019-11-02,811.8519
2019-11-03,773.909
2019-11-04,783.6299
2019-11-05,790.403
2019-11-06,804.5134
2019-11-07,787.9694
2019-11-08,810.2686
2019-11-09,811.5093
2019-11-10,803.9454
2019-11-11,775.344
2019-11-12,750.2164
2019-11-13,751.4643
2019-11-14,756.8558
2019-11-15,779.6614
2019-11-16,772.0485
2019-11-17,723.2928
2019-11-18,774.949
2019-11-19,761.3865
2019-11-20,796.3689
2019-11-21,749.6643
2019-11-22,739.6562
2019-11-23,748.0991
2019-11-24,773.1952
2019-11-25,790.9656
2019-11-26,787.2399
2019-11-27,782.5996
2019-11-28,772.3814
2019-11-29,792.575
2019-11-30,778.3852
2019-12-01,753.5858
2019-12-02,758.6396
2019-12-03,738.2436
2019-12-04,759.449
2019-12-05,740.2125
2019-12-06,760.8673
2019-12-07,712.1083
2019-12-08,733.869
2019-12-09,745.9462
2019-12-10,749.4811
2019-12-11,777.8478
2019-12-12,733.8373
2019-12-13,727.0699
2019-12-14,710.4614
2019-12-15,757.191
2019-12-16,706.1174
2019-12-17,709.2432
2019-12-18,737.8467
2019-12-19,728.8104
2019-12-20,713.7318
2019-12-21,705.2474
2019-12-22,706.4247
2019-12-23,746.1203
2019-12-24,817.1702
2019-12-25,823.041
2019-12-26,786.5043
2019-12-27,772.9037
2019-12-28,741.8688
2019-12-29,708.3979
2019-12-30,767.2425
2019-12-31,802.3266
2020-01-01,793.2678
2020-01-02,784.4753
2020-01-03,761.7553
2020-01-04,752.4695
2020-01-05,753.2784
2020-01-06,671.246
2020-01-07,613.2559
2020-01-08,648.4576
2020-01-09,547.227
2020-01-10,711.3296
2020-01-11,605.8857
2020-01-12,594.5707
2020-01-13,630.0112
2020-01-14,658.4513
2020-01-15,698.0297
2020-01-16,780.3631
2020-01-17,735.2598
2020-01-18,784.429
2020-01-19,768.9966
2020-01-20,700.2745
2020-01-21,655.0013
2020-01-22,611.5093
2020-01-23,705.8331
2020-01-24,757.4899
2020-01-25,789.0433
2020-01-26,840.6033
2020-01-27,792.1034
2020-01-28,749.3483
2020-01-29,681.0681
2020-01-30,712.9288
2020-01-31,780.4313
2020-02-01,758.3416
2020-02-02,774.5742
2020-02-03,801.3273
2020-02-04,816.941
2020-02-05,746.6226
2020-02-06,736.1165
2020-02-07,737.1627
2020-02-08,779.4506
2020-02-09,755.9693
2020-02-10,721.3616
2020-02-11,683.2278
2020-02-12,741.1711
2020-02-13,772.7977
2020-02-14,736.5441
2020-02-15,713.3745
2020-02-16,726.2614
2020-02-17,727.9979
2020-02-18,743.243
2020-02-19,718.9172
2020-02-20,706.1085
2020-02-21,671.8727
2020-02-22,752.0812
2020-02-23,696.0917
2020-02-24,775.7779
2020-02-25,787.4325
2020-02-26,778.2284
2020-02-27,717.4975
2020-02-28,638.5323
2020-02-29,608.3258
2020-03-01,559.4747
2020-03-02,670.3801
2020-03-03,701.0452
2020-03-04,724.4271
2020-03-05,720.2887
2020-03-06,750.1288
2020-03-07,795.4068
2020-03-08,811.9963
2020-03-09,834.6013
2020-03-10,771.7315
2020-03-11,808.3484
2020-03-12,817.9802
2020-03-13,815.9254
2020-03-14,813.8893
2020-03-15,787.1167
2020-03-16,791.8042
2020-03-17,800.3694
2020-03-18,830.0617
2020-03-19,804.9388
2020-03-20,818.4469
2020-03-21,836.35
2020-03-22,807.7554
2020-03-23,829.7278
2020-03-24,781.4904
2020-03-25,825.9592
2020-03-26,863.6003
2020-03-27,820.6899
2020-03-28,839.3414
2020-03-29,843.0947
2020-03-30,879.2861
2020-03-31,839.9708
2020-04-01,770.4409
2020-04-02,757.2434
2020-04-03,816.4924
2020-04-04,848.9053
2020-04-05,847.7082
2020-04-06,860.5147
2020-04-07,862.3528
2020-04-08,880.5837
2020-04-09,862.4213
2020-04-10,877.2269
2020-04-11,842.4468
2020-04-12,827.8081
2020-04-13,831.4481
2020-04-14,841.0112
2020-04-15,833.8262
2020-04-16,832.1357
2020-04-17,849.1844
2020-04-18,826.5034
2020-04-19,854.7422
2020-04-20,845.9709
2020-04-21,840.3336
2020-04-22,865.6652
2020-04-23,839.1939
2020-04-24,848.9951
2020-04-25,851.3263
2020-04-26,861.1618
2020-04-27,813.772
2020-04-28,855.2268
2020-04-29,847.8627
2020-04-30,846.8638
2020-05-01,863.9542
2020-05-02,841.8893
2020-05-03,844.9964
2020-05-04,836.208
2020-05-05,824.8555
2020-05-06,825.1447
2020-05-07,829.1437
2020-05-08,840.0588
2020-05-09,787.2986
2020-05-10,771.7425
2020-05-11,782.1805
2020-05-12,875.6415
2020-05-13,872.59
2020-05-14,863.2537
2020-05-15,859.7722
2020-05-16,878.1193
2020-05-17,863.2783
2020-05-18,857.1534
2020-05-19,871.4589
2020-05-20,849.1918
2020-05-21,840.2548
2020-05-22,844.6514
2020-05-23,852.9011
2020-05-24,853.3043
2020-05-25,863.9188
2020-05-26,864.3248
2020-05-27,844.6057
2020-05-28,874.7225
2020-05-29,785.071
2020-05-30,800.4992
2020-05-31,825.741
2020-06-01,849.5992
2020-06-02,827.2393
2020-06-03,824.4693
2020-06-04,843.6169
2020-06-05,826.4077
2020-06-06,820.8614
2020-06-07,812.1691
2020-06-08,835.1636
2020-06-09,838.8793
2020-06-10,818.2986
2020-06-11,849.577
2020-06-12,851.548
2020-06-13,822.9867
2020-06-14,835.9948
2020-06-15,824.6431
2020-06-16,860.5681
2020-06-17,784.7413
2020-06-18,771.2137
2020-06-19,836.4108
2020-06-20,866.4311
2020-06-21,849.843
2020-06-22,816.001
2020-06-23,835.9632
2020-06-24,842.626
2020-06-25,854.6265
2020-06-26,816.1542
2020-06-27,827.8607
2020-06-28,796.9869
2020-06-29,794.5316
2020-06-30,849.1235
2020-07-01,859.9886
2020-07-02,859.4338
2020-07-03,851.8204
2020-07-04,858.7066
2020-07-05,846.1788
2020-07-06,869.7364
2020-07-07,864.1436
2020-07-08,852.1802
2020-07-09,869.037
2020-07-10,862.5818
2020-07-11,858.3395
2020-07-12,856.4956
2020-07-13,844.3506
2020-07-14,850.3112
2020-07-15,835.4769
2020-07-16,820.529
2020-07-17,830.2703
2020-07-18,859.3486
2020-07-19,856.2802
2020-07-20,862.7548
2020-07-21,881.5606
2020-07-22,848.2615
2020-07-23,859.9288
2020-07-24,871.6243
2020-07-25,867.1495
2020-07-26,859.3282
2020-07-27,863.4499
2020-07-28,847.485
2020-07-29,854.817
2020-07-30,848.6998
2020-07-31,846.4109
2020-08-01,868.5428
2020-08-02,866.5134
2020-08-03,844.7261
2020-08-04,847.2885
2020-08-05,875.2711
2020-08-06,876.251
2020-08-07,904.3139
2020-08-08,881.7164
2020-08-09,860.8636
2020-08-10,828.7223
2020-08-11,838.477
2020-08-12,848.1507
2020-08-13,836.3061
2020-08-14,907.182
2020-08-15,892.6118
2020-08-16,867.2361
2020-08-17,852.7797
2020-08-18,889.2492
2020-08-19,879.1694
2020-08-20,871.981
2020-08-21,879.9918
2020-08-22,831.4426
2020-08-23,884.3222
2020-08-24,879.1834
2020-08-25,853.9649
2020-08-26,865.6063
2020-08-27,864.0286
2020-08-28,859.5435
2020-08-29,830.2663
2020-08-30,863.1731
2020-08-31,876.8954
2020-09-01,893.4382
2020-09-02,888.5893
2020-09-03,876.83
2020-09-04,865.5506
2020-09-05,851.4809
2020-09-06,870.0427
2020-09-07,877.2347
2020-09-08,882.843
2020-09-09,862.4465
2020-09-10,873.6965
2020-09-11,885.8773
2020-09-12,887.5637
2020-09-13,847.7202
2020-09-14,865.3402
2020-09-15,862.7808
2020-09-16,867.973
2020-09-17,867.6707
2020-09-18,823.7552
2020-09-19,861.7092
2020-09-20,820.5372
2020-09-21,892.4274
2020-09-22,882.3723
2020-09-23,840.7798
2020-09-24,854.4573
2020-09-25,834.1637
2020-09-26,821.931
2020-09-27,828.0123
2020-09-28,825.4706
2020-09-29,804.3212
2020-09-30,814.3697
2020-10-01,851.9946
2020-10-02,878.739
2020-10-03,859.6015
2020-10-04,846.6602
2020-10-05,863.7758
2020-10-06,838.8095
2020-10-07,824.404
2020-10-08,868.7706
2020-10-09,851.6364
2020-10-10,860.3642
2020-10-11,839.7921
2020-10-12,859.3261
2020-10-13,837.564
2020-10-14,807.3822
2020-10-15,787.5887
2020-10-16,829.1588
2020-10-17,832.4357
2020-10-18,839.0208
2020-10-19,847.9657
2020-10-20,826.0078
2020-10-21,815.9052
2020-10-22,829.1985
2020-10-23,840.2108
2020-10-24,830.7688
2020-10-25,789.4026
2020-10-26,731.7673
2020-10-27,705.9605
2020-10-28,758.8636
2020-10-29,764.3969
2020-10-30,785.5242
2020-10-31,808.7995
2020-11-01,808.7912
2020-11-02,778.7325
2020-11-03,762.3718
2020-11-04,780.482
2020-11-05,730.8941
2020-11-06,746.0195
2020-11-07,758.8086
2020-11-08,793.7814
2020-11-09,753.8996
2020-11-10,742.6765
2020-11-11,736.4698
2020-11-12,721.469
2020-11-13,767.1187
2020-11-14,785.1141
2020-11-15,753.0298
2020-11-16,744.3802
2020-11-17,760.5409
2020-11-18,731.4938
2020-11-19,744.359
2020-11-20,777.5527
2020-11-21,743.1111
2020-11-22,732.686
2020-11-23,740.1186
2020-11-24,747.8209
2020-11-25,736.2108
2020-11-26,726.4809
2020-11-27,698.8957
2020-11-28,723.7366
2020-11-29,738.3322
2020-11-30,736.6187
2020-12-01,788.7668
2020-12-02,773.2477
2020-12-03,790.6766
2020-12-04,784.6766
2020-12-05,768.9583
2020-12-06,771.2792
2020-12-07,746.4515
2020-12-08,743.893
2020-12-09,734.9313
2020-12-10,752.1974
2020-12-11,732.3849
2020-12-12,746.1969
2020-12-13,742.4393
2020-12-14,721.1212
2020-12-15,725.2723
2020-12-16,705.3027
2020-12-17,750.3357
2020-12-18,740.1077
2020-12-19,720.6961
2020-12-20,695.8777
2020-12-21,689.2098
2020-12-22,675.9751
2020-12-23,670.7095
2020-12-24,695.4305
2020-12-25,679.0441
2020-12-26,745.3638
2020-12-27,789.0358
2020-12-28,732.6128
2020-12-29,673.9028
2020-12-30,638.2867
2020-12-31,648.3758
2021-01-01,678.3526
2021-01-02,737.6762
2021-01-03,736.0111
2021-01-04,713.5389
2021-01-05,728.8359
2021-01-06,753.577
2021-01-07,727.5756
2021-01-08,750.413
2021-01-09,771.3605
2021-01-10,773.2178
2021-01-11,761.4888
2021-01-12,753.8575
2021-01-13,761.0348
2021-01-14,770.5059
2021-01-15,789.6416
2021-01-16,757.0275
2021-01-17,722.0872
2021-01-18,712.719
2021-01-19,709.3362
2021-01-20,732.7153
2021-01-21,746.8595
2021-01-22,735.804
2021-01-23,717.7134
2021-01-24,689.5428
2021-01-25,709.7667
2021-01-26,639.6193
2021-01-27,742.7363
2021-01-28,737.6343
2021-01-29,706.96
2021-01-30,735.7766
2021-01-31,727.253
2021-02-01,715.2894
2021-02-02,691.6721
2021-02-03,684.2572
2021-02-04,688.6976
2021-02-05,740.6391
2021-02-06,757.6784
2021-02-07,784.1955
2021-02-08,765.9929
2021-02-09,797.4719
2021-02-10,830.7936
2021-02-11,774.3606
2021-02-12,769.9061
2021-02-13,807.9052
2021-02-14,850.1395
2021-02-15,805.2319
2021-02-16,802.5703
2021-02-17,776.8049
2021-02-18,819.8486
2021-02-19,810.8428
2021-02-20,826.3147
2021-02-21,820.334
2021-02-22,801.3984
2021-02-23,777.4761
2021-02-24,656.6273
2021-02-25,631.049
2021-02-26,730.2876
2021-02-27,751.0858
2021-02-28,733.2018
2021-03-01,693.2962
2021-03-02,759.4806
2021-03-03,808.8448
2021-03-04,816.6025
2021-03-05,838.4222
2021-03-06,831.6504
2021-03-07,842.8842
2021-03-08,848.1951
2021-03-09,853.662
2021-03-10,854.7565
2021-03-11,853.3997
2021-03-12,840.3006
2021-03-13,819.6876
2021-03-14,820.3636
2021-03-15,806.8787
2021-03-16,770.5751
2021-03-17,759.4552
2021-03-18,769.5613
2021-03-19,735.37
2021-03-20,778.8337
2021-03-21,788.6357
2021-03-22,779.3497
2021-03-23,805.5372
2021-03-24,854.0538
2021-03-25,819.1964
2021-03-26,827.4401
2021-03-27,844.9156
2021-03-28,842.746
2021-03-29,822.9757
2021-03-30,827.1169
2021-03-31,812.15
2021-04-01,820.8709
2021-04-02,843.4885
2021-04-03,847.6525
2021-04-04,818.2188
2021-04-05,842.6102
2021-04-06,852.3932
2021-04-07,860.9247
2021-04-08,855.0455
2021-04-09,862.922
2021-04-10,855.0978
2021-04-11,871.972
2021-04-12,881.5898
2021-04-13,857.5404
2021-04-14,881.824
2021-04-15,864.4699
2021-04-16,864.0613
2021-04-17,860.2647
2021-04-18,874.8951
2021-04-19,858.5589
2021-04-20,850.613
2021-04-21,869.4712
2021-04-22,854.4347
2021-04-23,870.0367
2021-04-24,866.8429
2021-04-25,853.9938
2021-04-26,849.4789
2021-04-27,852.8262
2021-04-28,859.96
2021-04-29,853.4203
2021-04-30,861.4676
2021-05-01,883.9345
2021-05-02,887.3933
2021-05-03,881.3688
2021-05-04,866.2072
2021-05-05,854.5165
2021-05-06,854.2784
2021-05-07,867.6432
2021-05-08,857.4324
2021-05-09,863.9326
2021-05-10,907.2585
2021-05-11,897.5651
2021-05-12,879.8356
2021-05-13,861.8099
2021-05-14,868.229
2021-05-15,878.968
2021-05-16,871.4354
2021-05-17,855.4669
2021-05-18,858.5442
2021-05-19,861.5794
2021-05-20,864.6493
2021-05-21,851.2282
2021-05-22,852.2182
2021-05-23,854.6097
2021-05-24,879.7973
2021-05-25,859.7139
2021-05-26,845.7188
2021-05-27,848.2093
2021-05-28,839.3707
2021-05-29,840.3113
2021-05-30,837.6334
2021-05-31,850.4623
2021-06-01,851.761
2021-06-02,831.458
2021-06-03,865.3176
2021-06-04,821.8582
2021-06-05,772.9946
2021-06-06,830.9734
2021-06-07,843.8462
2021-06-08,877.4577
2021-06-09,862.4104
2021-06-10,856.4645
2021-06-11,892.4275
2021-06-12,842.5526
2021-06-13,857.4552
2021-06-14,855.4982
2021-06-15,813.0998
2021-06-16,820.2361
2021-06-17,839.5204
2021-06-18,849.5792
2021-06-19,830.5085
2021-06-20,820.2265
2021-06-21,853.4755
2021-06-22,881.5726
2021-06-23,881.397
2021-06-24,876.0115
2021-06-25,879.9459
2021-06-26,869.3153
2021-06-27,859.5825
2021-06-28,831.5844
2021-06-29,823.8816
2021-06-30,840.5941
2021-07-01,852.3342
2021-07-02,844.9818
2021-07-03,852.3279
2021-07-04,867.2115
2021-07-05,845.5432
2021-07-06,865.8795
2021-07-07,844.8815
2021-07-08,850.5458
2021-07-09,858.969
2021-07-10,868.1472
2021-07-11,871.1971
2021-07-12,866.364
2021-07-13,844.0326
2021-07-14,827.9191
2021-07-15,845.8685
2021-07-16,859.6846
2021-07-17,862.2477
2021-07-18,852.3704
2021-07-19,874.5642
2021-07-20,850.4573
2021-07-21,879.1149
2021-07-22,858.4175
2021-07-23,847.7068
2021-07-24,819.4252
2021-07-25,859.7681
2021-07-26,877.6327
2021-07-27,853.0681
2021-07-28,786.2801
2021-07-29,777.1662
2021-07-30,787.8681
2021-07-31,870.1104
2021-08-01,830.7373
2021-08-02,821.722
2021-08-03,825.4648
2021-08-04,870.7884
2021-08-05,890.7803
2021-08-06,862.8969
2021-08-07,787.1421
2021-08-08,868.5707
2021-08-09,895.9177
2021-08-10,899.4935
2021-08-11,880.4178
2021-08-12,860.9231
2021-08-13,890.9675
2021-08-14,887.771
2021-08-15,897.6029
2021-08-16,903.3974
2021-08-17,904.355
2021-08-18,901.3713
2021-08-19,899.8954
2021-08-20,918.2755
2021-08-21,910.174
2021-08-22,911.5792
2021-08-23,916.41
2021-08-24,916.5666
2021-08-25,892.9108
2021-08-26,885.1548
2021-08-27,897.833
2021-08-28,885.8494
2021-08-29,908.801
2021-08-30,903.0989
2021-08-31,908.9827
2021-09-01,874.4222
2021-09-02,844.0294
2021-09-03,895.1517
2021-09-04,878.1465
2021-09-05,886.2802
2021-09-06,871.4727
2021-09-07,865.4076
2021-09-08,876.2198
2021-09-09,876.2868
2021-09-10,900.3266
2021-09-11,902.9145
2021-09-12,875.8937
2021-09-13,782.1956
2021-09-14,854.5225
2021-09-15,889.0706
2021-09-16,894.0098
2021-09-17,895.9438
2021-09-18,879.3265
2021-09-19,879.5294
2021-09-20,890.7326
2021-09-21,863.7696
2021-09-22,866.6331
2021-09-23,906.637
2021-09-24,902.6797
2021-09-25,881.426
2021-09-26,862.3403
2021-09-27,864.0916
2021-09-28,875.5504
2021-09-29,881.1795
2021-09-30,847.4832
2021-10-01,881.2642
2021-10-02,878.0253
2021-10-03,876.9452
2021-10-04,874.1442
2021-10-05,872.0216
2021-10-06,852.895
2021-10-07,854.4665
2021-10-08,834.7504
2021-10-09,846.8598
2021-10-10,849.2552
2021-10-11,849.5863
2021-10-12,841.5485
2021-10-13,841.2369
2021-10-14,835.7706
2021-10-15,859.7933
2021-10-16,857.238
2021-10-17,834.331
2021-10-18,840.9891
2021-10-19,841.9658
2021-10-20,833.1143
2021-10-21,844.6511
2021-10-22,820.3719
2021-10-23,782.5323
2021-10-24,841.9903
2021-10-25,863.9744
2021-10-26,792.3945
2021-10-27,767.6758
2021-10-28,764.0021
2021-10-29,787.7358
2021-10-30,795.1232
2021-10-31,811.7148
2021-11-01,788.0308
2021-11-02,793.8573
2021-11-03,772.3255
2021-11-04,755.7071
2021-11-05,752.6
2021-11-06,735.7315
2021-11-07,774.3198
2021-11-08,764.4916
2021-11-09,759.6136
2021-11-10,757.7745
2021-11-11,754.3594
2021-11-12,760.0972
2021-11-13,779.9606
2021-11-14,785.3726
2021-11-15,785.4366
2021-11-16,765.8773
2021-11-17,752.6586
2021-11-18,756.6835
2021-11-19,751.0103
2021-11-20,768.5566
2021-11-21,761.3484
2021-11-22,763.0325
2021-11-23,768.858
2021-11-24,750.8849
2021-11-25,747.9619
2021-11-26,761.0193
2021-11-27,785.5086
2021-11-28,767.2796
2021-11-29,767.3697
2021-11-30,736.8685
2021-12-01,729.5499
2021-12-02,746.8706
2021-12-03,753.9831
2021-12-04,731.233
2021-12-05,721.756
2021-12-06,656.5183
2021-12-07,686.4943
2021-12-08,707.6774
2021-12-09,692.5844
2021-12-10,728.1503
2021-12-11,743.4692
2021-12-12,673.8079
2021-12-13,657.8149
2021-12-14,696.3122
2021-12-15,690.0067
2021-12-16,698.593
2021-12-17,722.1006
2021-12-18,691.7446
2021-12-19,689.4669
2021-12-20,670.4708
2021-12-21,688.9923
2021-12-22,710.4201
2021-12-23,715.4737
2021-12-24,687.8951
2021-12-25,681.6288
2021-12-26,668.1736
2021-12-27,692.6414
2021-12-28,698.5025
2021-12-29,668.1204
2021-12-30,667.9542
2021-12-31,722.485
2022-01-01,700.8225
2022-01-02,685.9069
2022-01-03,713.3803
2022-01-04,708.1799
2022-01-05,691.6754
2022-01-06,669.0938
2022-01-07,677.6697
2022-01-08,649.8127
2022-01-09,679.7108
2022-01-10,716.436
2022-01-11,703.9534
2022-01-12,687.2865
2022-01-13,687.7906
2022-01-14,679.6177
2022-01-15,717.1384
2022-01-16,781.3927
2022-01-17,814.8817
2022-01-18,793.1717
2022-01-19,754.8064
2022-01-20,725.9882
2022-01-21,730.0624
2022-01-22,709.104
2022-01-23,672.7012
2022-01-24,735.285
2022-01-25,760.4356
2022-01-26,747.4702
2022-01-27,775.6871
2022-01-28,704.34
2022-01-29,697.7626
2022-01-30,802.9421
2022-01-31,839.0412
2022-02-01,838.9868
2022-02-02,778.303
2022-02-03,776.4197
2022-02-04,683.5665
2022-02-05,620.4071
2022-02-06,707.1556
2022-02-07,752.7004
2022-02-08,755.6829
2022-02-09,731.167
2022-02-10,722.6883
2022-02-11,767.6072
2022-02-12,815.0274
2022-02-13,778.7019
2022-02-14,727.2076
2022-02-15,783.4519
2022-02-16,838.7483
2022-02-17,810.2152
2022-02-18,775.261
2022-02-19,812.2681
2022-02-20,825.8322
2022-02-21,826.0906
2022-02-22,814.1814
2022-02-23,824.0872
2022-02-24,801.7566
2022-02-25,799.6036
2022-02-26,812.7338
2022-02-27,814.7994
2022-02-28,752.6422
2022-03-01,752.6406
2022-03-02,793.674
2022-03-03,806.6538
2022-03-04,810.2714
2022-03-05,795.3698
2022-03-06,805.7012
2022-03-07,815.4542
2022-03-08,824.3084
2022-03-09,828.3083
2022-03-10,823.4542
2022-03-11,818.1375
2022-03-12,808.7253
2022-03-13,796.3878
2022-03-14,805.3777
2022-03-15,789.2634
2022-03-16,799.3878
2022-03-17,842.8224
2022-03-18,839.8423
2022-03-19,827.0575
2022-03-20,823.3223
2022-03-21,847.0771
2022-03-22,844.288
2022-03-23,848.8074
2022-03-24,845.6185
2022-03-25,819.181
2022-03-26,789.6356
2022-03-27,826.0755
2022-03-28,825.9426
2022-03-29,865.39
2022-03-30,874.4551
2022-03-31,854.7547
2022-04-01,834.0196
2022-04-02,801.1746
2022-04-03,816.8982
2022-04-04,839.7068
2022-04-05,842.8865
2022-04-06,833.0886
2022-04-07,845.6932
2022-04-08,841.5002
2022-04-09,845.3308
2022-04-10,843.1338
2022-04-11,840.5952
2022-04-12,836.8974
2022-04-13,847.6921
2022-04-14,843.4674
2022-04-15,890.3971
2022-04-16,924.6499
2022-04-17,915.3684
2022-04-18,888.2724
2022-04-19,917.4798
2022-04-20,909.0241
2022-04-21,896.734
2022-04-22,881.8697
2022-04-23,818.2586
2022-04-24,832.7717
2022-04-25,829.0182
2022-04-26,834.8966
2022-04-27,847.3185
2022-04-28,850.213
2022-04-29,859.2654
2022-04-30,839.5353
2022-05-01,868.4826
2022-05-02,845.7982
2022-05-03,841.0594
2022-05-04,840.8298
2022-05-05,836.7088
2022-05-06,838.5857
2022-05-07,869.3397
2022-05-08,878.9674
2022-05-09,869.4536
2022-05-10,835.1749
2022-05-11,844.0688
2022-05-12,851.8043
2022-05-13,848.747
2022-05-14,817.5565
2022-05-15,776.3818
2022-05-16,808.6111
2022-05-17,799.5057
2022-05-18,783.0917
2022-05-19,804.6498
2022-05-20,820.5694
2022-05-21,882.9258
2022-05-22,857.6885
2022-05-23,813.457
2022-05-24,825.7365
2022-05-25,860.0518
2022-05-26,804.836
2022-05-27,811.6735
2022-05-28,826.3199
2022-05-29,818.0775
2022-05-30,831.4319
2022-05-31,824.2623
2022-06-01,831.3944
2022-06-02,850.4247
2022-06-03,833.4353
2022-06-04,841.796
2022-06-05,827.8735
2022-06-06,807.8713
2022-06-07,868.0541
2022-06-08,853.9648
2022-06-09,804.507
2022-06-10,792.0607
2022-06-11,799.7311
2022-06-12,848.5348
2022-06-13,811.8809
2022-06-14,804.1754
2022-06-15,797.7564
2022-06-16,858.2595
2022-06-17,871.2148
2022-06-18,885.0187
2022-06-19,876.9412
2022-06-20,872.1329
2022-06-21,800.6377
2022-06-22,788.0807
2022-06-23,852.8005
2022-06-24,876.1531
2022-06-25,827.7038
2022-06-26,842.8769
2022-06-27,849.727
2022-06-28,842.6404
2022-06-29,829.6952
2022-06-30,820.0461
2022-07-01,863.4983
2022-07-02,889.349
2022-07-03,880.6481
2022-07-04,843.3327
2022-07-05,838.35
2022-07-06,865.0964
2022-07-07,883.459
2022-07-08,846.5307
2022-07-09,866.6747
2022-07-10,876.1664
2022-07-11,856.6567
2022-07-12,865.7094
2022-07-13,863.5732
2022-07-14,842.089
2022-07-15,815.3699
2022-07-16,804.4178
2022-07-17,834.3424
2022-07-18,875.7631
2022-07-19,878.3807
2022-07-20,875.639
2022-07-21,868.5116
2022-07-22,872.8868
2022-07-23,873.9049
2022-07-24,846.0374
2022-07-25,832.4098
2022-07-26,842.3201
2022-07-27,838.9698
2022-07-28,865.3638
2022-07-29,827.1325
2022-07-30,852.248
2022-07-31,883.6061
2022-08-01,883.1064
2022-08-02,897.0607
2022-08-03,910.7703
2022-08-04,906.3807
2022-08-05,895.2891
2022-08-06,878.3129
2022-08-07,861.1259
2022-08-08,868.5189
2022-08-09,869.6791
2022-08-10,846.1547
2022-08-11,832.3768
2022-08-12,881.8265
2022-08-13,888.8001
2022-08-14,879.4924
2022-08-15,882.9083
2022-08-16,909.3483
2022-08-17,874.5543
2022-08-18,852.5643
2022-08-19,882.9957
2022-08-20,895.5866
2022-08-21,874.9161
2022-08-22,849.8838
2022-08-23,870.1387
2022-08-24,889.9144
2022-08-25,840.3886
2022-08-26,857.1442
2022-08-27,912.6899
2022-08-28,920.7034
2022-08-29,847.1351
2022-08-30,852.2794
2022-08-31,906.1886
2022-09-01,913.3234
2022-09-02,878.908
2022-09-03,908.3442
2022-09-04,910.8394
2022-09-05,919.8106
2022-09-06,905.878
2022-09-07,895.1679
2022-09-08,888.519
2022-09-09,902.568
2022-09-10,899.8353
2022-09-11,889.3754
2022-09-12,866.2959
2022-09-13,904.2159
2022-09-14,900.9521
2022-09-15,838.5999
2022-09-16,857.3629
2022-09-17,897.8953
2022-09-18,893.9742
2022-09-19,895.7126
2022-09-20,900.9925
2022-09-21,899.6446
2022-09-22,877.5488
2022-09-23,866.8149
2022-09-24,873.5936
2022-09-25,889.9494
2022-09-26,850.856
2022-09-27,885.5465
2022-09-28,896.3953
2022-09-29,891.5922
2022-09-30,899.1155
2022-10-01,874.6174
2022-10-02,880.0139
2022-10-03,862.933
2022-10-04,836.5979
2022-10-05,840.8855
2022-10-06,826.4151
2022-10-07,827.9309
2022-10-08,868.9156
2022-10-09,833.326
2022-10-10,844.0889
2022-10-11,809.941
2022-10-12,812.8826
2022-10-13,767.2045
2022-10-14,795.6359
2022-10-15,856.172
2022-10-16,796.1124
2022-10-17,779.9938
2022-10-18,765.3337
2022-10-19,776.046
2022-10-20,808.6929
2022-10-21,799.1484
2022-10-22,771.62
2022-10-23,772.192
2022-10-24,781.0792
2022-10-25,806.6764
2022-10-26,766.0176
2022-10-27,784.5938
2022-10-28,782.53
2022-10-29,795.4235
2022-10-30,796.2454
2022-10-31,786.7254
2022-11-01,765.9406
2022-11-02,779.8107
2022-11-03,785.068
2022-11-04,758.7494
2022-11-05,741.2253
2022-11-06,776.388
2022-11-07,785.2117
2022-11-08,788.9547
2022-11-09,806.1943
2022-11-10,791.6139
2022-11-11,779.8763
2022-11-12,770.2299
2022-11-13,747.0118
2022-11-14,787.8195
2022-11-15,799.4728
2022-11-16,806.5791
2022-11-17,798.9829
2022-11-18,788.0444
2022-11-19,777.7351
2022-11-20,747.5143
2022-11-21,748.012
2022-11-22,762.4719
2022-11-23,765.655
2022-11-24,779.7753
2022-11-25,780.8726
2022-11-26,784.0684
2022-11-27,762.6778
2022-11-28,743.8338
2022-11-29,740.3968
2022-11-30,733.0945
2022-12-01,733.0668
2022-12-02,709.7877
2022-12-03,694.016
2022-12-04,699.3722
2022-12-05,735.5064
2022-12-06,751.2523
2022-12-07,775.3152
2022-12-08,745.036
2022-12-09,712.1827
2022-12-10,731.3809
2022-12-11,750.9958
2022-12-12,756.6231
2022-12-13,725.7653
2022-12-14,707.755
2022-12-15,729.0622
2022-12-16,739.8808
2022-12-17,712.4657
2022-12-18,723.8221
2022-12-19,693.8339
2022-12-20,763.4047
2022-12-21,763.3143
2022-12-22,749.2375
2022-12-23,743.3142
2022-12-24,744.5322
2022-12-25,771.0212
2022-12-26,775.6727
2022-12-27,745.9763
2022-12-28,731.5345
2022-12-29,770.2492
2022-12-30,763.3384
2022-12-31,773.1517
2023-01-01,757.9442
2023-01-02,708.3727
